group_name,name,date_birth,generation,country,name_complete,img_src,imgur_img
S.E.S.,Bada,1980-02-28,gen1,South Korea,S.E.S. Bada,https://static.wikia.nocookie.net/kpop/images/a/af/Bada_Off_the_Record_promo_photo.png,EJAI9ha.jpeg
soloist,Baek Jiyoung,1976-03-25,gen1,South Korea,soloist Baek Jiyoung,https://static.wikia.nocookie.net/kpop/images/9/97/Stars_Awekening_Promotional_Poster.png,oxkOVz6.jpeg
soloist,BoA,1986-11-05,gen1,South Korea,soloist BoA,https://static.wikia.nocookie.net/kpop/images/4/44/GOT_the_beat_BoA_Stamp_On_It_concept_photo_4.png,xesVuX8.jpeg
As One,Crystal,1980-03-29,gen1,United States,As One Crystal,https://static.wikia.nocookie.net/kpop/images/a/a5/As_One_Outlast_photo.png,EGYUvjY.jpeg
S.E.S.,Eugene,1981-03-03,gen1,South Korea,S.E.S. Eugene,https://static.wikia.nocookie.net/kpop/images/b/ba/S.E.S_Eugene_Remember_promo_photo.png,qFgTDvT.jpeg
PAPAYA,Go Naeun,1982-01-15,gen1,South Korea,PAPAYA Go Naeun,https://alchetron.com/cdn/go-na-eun-083e4852-4684-425e-82b6-b25e84bae09-resize-750.jpeg,69gH9za.jpeg
soloist,Gummy,1981-04-08,gen1,South Korea,soloist Gummy,https://static.wikia.nocookie.net/kpop/images/3/30/The_Call_Gummy_promo_photo.png,31YllBl.png
Jaurim,Kim Yuna,1974-03-11,gen1,South Korea,Jaurim Kim Yuna,https://images.genius.com/0e88e848c40ead3ace90e0bb27d20f40.1000x1000x1.jpg,cJaGs9h.jpeg
soloist,Lee Soo Young,1979-04-12,gen1,South Korea,soloist Lee Soo Young,https://static.wikia.nocookie.net/kpop/images/b/b7/Girls%27_Generation_Sooyoung_Forever_1_concept_photo_7.png,5dNDrln.jpeg
soloist,Lee Sora,1969-12-29,gen1,South Korea,soloist Lee Sora,https://static.wikia.nocookie.net/kpop/images/c/c6/SUPER_JUNIOR_Eunhyuk_2022_Winter_SMTOWN_SMCU_Palace_concept_photo_1.png,oG8QF7S.jpeg
soloist,Lee Sun Hee,1964-11-11,gen1,South Korea,soloist Lee Sun Hee,https://static.wikia.nocookie.net/kpop/images/6/60/Lee_Sun_Hee_Le_Dernier_Amour_promo_photo.png,0KsQZYo.jpeg
soloist,Lena Park,1976-03-23,gen1,South Korea,soloist Lena Park,https://static.wikia.nocookie.net/kpop/images/6/6f/GWSN_Lena_The_Other_Side_of_the_Moon_concept_photo_1.png,Vsau6I0.jpeg
soloist,Lyn,1981-11-09,gen1,South Korea,soloist Lyn,https://static.wikia.nocookie.net/kpop/images/6/60/UiU_Chaelyn_Starlit_promo_photo_%281%29.png,CG9dMHG.jpeg
As One,Min,1978-09-15,gen1,South Korea,As One Min,https://static.wikia.nocookie.net/kpop/images/a/a5/As_One_Outlast_photo.png,hoFNepH.jpeg
soloist,Park Jiyoon,1982-01-03,gen1,South Korea,soloist Park Jiyoon,https://static.wikia.nocookie.net/kpop/images/d/dd/Park_Ji_Yoon_Flower_promotional_photo.png,MZGbDVJ.jpeg
S.E.S.,Shoo,1981-10-23,gen1,South Korea,S.E.S. Shoo,https://static.wikia.nocookie.net/kpop/images/7/7c/S.E.S_Shoo_Remember_promo_photo.png,gf48iHk.png
soloist,Yangpa,1979-03-17,gen1,South Korea,soloist Yangpa,https://static.wikia.nocookie.net/kpop/images/2/28/Kim_Yeji%2C_Kelley_Mcrae%2C_Suran%2C_Paul_Kim%2C_%26_Yangpa_The_Glory_OST_Part.1_album_cover.png,1QKactI.jpeg
Wonder Girls,Ahn Sohee,1992-06-27,gen2,South Korea,Wonder Girls Ahn Sohee,https://static.wikia.nocookie.net/kpop/images/f/f9/An_So_Hee_BH_Entertainment_profile_photo_1.png,qMPi1sx.jpeg
Dal★Shabet,Ahyoung,1991-05-26,gen2,South Korea,Dal★Shabet Ahyoung,https://static.wikia.nocookie.net/kpop/images/4/47/Ah_Young_SidusHQ_profile_photo.png/,u05uzw4.jpeg
soloist,Ailee,1989-05-30,gen2,South Korea,soloist Ailee,https://static.wikia.nocookie.net/kpop/images/6/67/Ailee_Solo_Christmas_concept_photo_2.png,q0TWy1J.jpeg
Hellovenus,Alice,1990-03-21,gen2,South Korea,Hellovenus Alice,https://static.wikia.nocookie.net/kpop/images/c/c9/Alice_Drive_Away_promo_photo.png,L80EqJw.jpeg
f(x),Amber,1992-09-18,gen2,United States,f(x) Amber,https://static.wikia.nocookie.net/kpop/images/e/e3/Amber_Countdown_%2B_Beautiful_promotional_photo_2.png,6B5Oi7W.jpeg
T-ara,Areum,1994-04-19,gen2,South Korea,T-ara Areum,https://static.wikia.nocookie.net/kpop/images/a/ad/Areum_The_Unit_profile_photo_%281%29.png,ykZoQ4f.png
After School,Bekah,1989-08-11,gen2,South Korea,After School Bekah,https://static.wikia.nocookie.net/kpop/images/8/8c/After_School_Bekah_Virgin_concept_photo_%281%29.png,7lgqVeu.png
9Muses,Bini,1985-11-13,gen2,South Korea,9Muses Bini,https://static.wikia.nocookie.net/kpop/images/b/b2/9MUSES_Bini_debut_profile_photo.png,K970Pu4.png
Sunny Hill,Bitna,1987-03-29,gen2,South Korea,Sunny Hill Bitna,https://static.wikia.nocookie.net/kpop/images/b/b2/Sunny_Hill_Bitna_Adios_Amor_concept_photo.png,LPLDlv6.png
SPICA,BoA,1987-01-14,gen2,South Korea,SPICA BoA,https://static.wikia.nocookie.net/kpop/images/4/42/KEEMBO_Boa_Whatever_concept_photo_03.png,wcFNldT.jpeg
Apink,Bomi,1993-08-13,gen2,South Korea,Apink Bomi,https://static.wikia.nocookie.net/kpop/images/c/c5/CHOBOM_Bomi_Copycat_concept_photo_2.png,FHllnqY.jpeg
Sistar,Bora,1989-12-30,gen2,South Korea,Sistar Bora,https://static.wikia.nocookie.net/kpop/images/b/bc/Bora_KeyEast_profile_photo_%281%29.png,XFSnOXe.png
SeeYa,Boram,1987-02-17,gen2,South Korea,SeeYa Boram,https://static.wikia.nocookie.net/kpop/images/9/92/Lee_Boram_Dream_concept_photo_3.png,UG2vBKK.jpeg
T-ara,Boram,1986-03-22,gen2,South Korea,T-ara Boram,https://static.wikia.nocookie.net/kpop/images/a/a5/T-ARA_Boram_Remember_concept_photo_%282%29.png,IGHUvD6.jpeg
2NE1,CL,1991-02-26,gen2,South Korea,2NE1 CL,https://static.wikia.nocookie.net/kpop/images/9/9a/CL_Alpha_concept_photo_3.png,6Qzsiwy.jpeg
Fiestar,Cao Lu,1987-08-30,gen2,China,Fiestar Cao Lu,https://static.wikia.nocookie.net/kpop/images/d/d1/FIESTAR_Cao_Lu_Spring_Again_promotional_photo.png,CPb4yFd.png
AOA,Chanmi,1996-06-19,gen2,South Korea,AOA Chanmi,https://static.wikia.nocookie.net/kpop/images/4/4f/AOA_Chanmi_New_Moon_jacket_poster_1.png,QZ1eJwc.jpeg
AOA,Choa,1990-03-06,gen2,South Korea,AOA Choa,https://static.wikia.nocookie.net/kpop/images/d/dd/Choa_profile_photo_2022.png,YrjSiU3.jpeg
Crayon Pop,Choa,1990-07-12,gen2,South Korea,Crayon Pop Choa,https://static.wikia.nocookie.net/kpop/images/2/2f/Crayon_Pop_Choa_Evolution_Pop_Vol.1_promo_photo.png,pL4n6X9.png
Apink,Chorong,1991-03-03,gen2,South Korea,Apink Chorong,https://static.wikia.nocookie.net/kpop/images/c/c0/CHOBOM_Chorong_Copycat_concept_photo_2.png,Nj8CLUy.jpeg
Dal★Shabet,Dalsooobin,1994-02-12,gen2,South Korea,Dal★Shabet Dalsooobin,https://static.wikia.nocookie.net/kpop/images/f/ff/DALsooobin_Eyes_Like_Snow_promo_photo.png,6piZqXS.jpeg
Sistar,Dasom,1993-05-06,gen2,South Korea,Sistar Dasom,https://static.wikia.nocookie.net/kpop/images/d/dc/Dasom_Story_J_Company_profile_photo.png,MWpFZoW.png
After School,E-Young,1992-04-16,gen2,South Korea,After School E-Young,https://static.wikia.nocookie.net/kpop/images/5/55/After_School_E-Young_Best_promo_photo.png,csrUlVG.png
Crayon Pop,Ellin,1990-04-02,gen2,South Korea,Crayon Pop Ellin,https://static.wikia.nocookie.net/kpop/images/7/7d/Crayon_Pop_Ellin_profile_picture_%28July_2016%29.png,wmHfcsR.png
9Muses,Euaerin,1988-05-03,gen2,South Korea,9Muses Euaerin,https://static.wikia.nocookie.net/kpop/images/c/c2/Euaerin_Gost_Agency_profile_photo_%282016%29.png,Dc3VJAA.png
9Muses,Eunji,1988-09-27,gen2,South Korea,9Muses Eunji,https://static.wikia.nocookie.net/kpop/images/d/de/9MUSES_Eunji_Glue_concept_photo_%282%29.png,IPadsTs.png
Brave Girls,Eunji,1992-07-19,gen2,South Korea,Brave Girls Eunji,https://static.wikia.nocookie.net/kpop/images/4/47/Brave_Girls_Eunji_Thank_you_individual_photo_2.png,lB3n0ZP.jpeg
Sunny Hill,Eunju,1988-11-07,gen2,South Korea,Sunny Hill Eunju,https://static.wikia.nocookie.net/kpop/images/6/63/Sunny_Hill_Eunju_Adios_Amor_concept_photo.png,cgnfhWT.png
T-ara,Eunjung,1988-12-12,gen2,South Korea,T-ara Eunjung,https://static.wikia.nocookie.net/kpop/images/7/77/Eunjung_White_Destiny_promotional_photo.png,26nxfOZ.png
Brave Girls,Eunyoung,1987-10-15,gen2,South Korea,Brave Girls Eunyoung,https://static.wikia.nocookie.net/kpop/images/1/1d/Eunyoung_Body_Project_photoshoot_photo_%28April_2021%29.png,rNZ7IZz.png
Miss A,Fei,1987-04-27,gen2,China,Miss A Fei,https://static.wikia.nocookie.net/kpop/images/7/78/Fei_Fantasy_photo.png,lP6qqL5.jpeg
soloist,G.na,1987-09-13,gen2,Canada,soloist G.na,https://static.wikia.nocookie.net/kpop/images/2/22/%28G%29I-DLE_Soyeon_2023_Season%27s_Greetings_Blooming_Day_teaser_01.png,TiQJcab.jpeg
Brown Eyed Girls,Gain,1987-09-20,gen2,South Korea,Brown Eyed Girls Gain,https://static.wikia.nocookie.net/kpop/images/a/a5/Brown_Eyed_Girls_Gain_RE_vive_official_photo_1.png,rWdWerY.png
4Minute,Gayoon,1990-05-18,gen2,South Korea,4Minute Gayoon,https://static.wikia.nocookie.net/kpop/images/d/db/Gayoon_BS_COMPANY_photo.png,kd2BuSf.png
Stellar,Gayoung,1991-12-02,gen2,South Korea,Stellar Gayoung,https://static.wikia.nocookie.net/kpop/images/0/00/Gayoung_Inyeon_Entertainment_profile_photo.png,dbKKYym.png
Kara,Goo Hara,1991-01-13,gen2,South Korea,Kara Goo Hara,https://static.wikia.nocookie.net/kpop/images/d/d7/Hara_Midnight_Queen_promo_photo.png,grCkR4r.jpeg
Crayon Pop,Gummi,1988-06-18,gen2,South Korea,Crayon Pop Gummi,https://static.wikia.nocookie.net/kpop/images/0/04/Crayon_Pop_Geummi_Evolution_Pop_Vol.1_promo_photo.png,un1AjHv.png
9Muses,Gyeongree,1990-07-05,gen2,South Korea,9Muses Gyeongree,https://static.wikia.nocookie.net/kpop/images/7/7d/Gyeongree_YNK_Entertainment_profile_photo_%281%29.png,qMouRtF.jpeg
SeeYa,Gyuri,1984-04-26,gen2,South Korea,SeeYa Gyuri,https://static.wikia.nocookie.net/kpop/images/e/e5/SeeYa_See_You_Again_group_promo_photo_%281%29.png,GopQZk1.jpeg
Wonder Girls,HA:TFELT,1989-05-26,gen2,South Korea,Wonder Girls HA:TFELT,https://static.wikia.nocookie.net/kpop/images/a/a8/HATFELT_Left_concept_photo_2.png,iEJtb8V.jpeg
EXID,Haeryung,1994-11-11,gen2,South Korea,EXID Haeryung,https://static.wikia.nocookie.net/kpop/images/c/c0/Na_Hae_Ryung_Management_2sang_profile_photo.png,SHXJ1rh.png
Secret,Hana,1990-02-02,gen2,South Korea,Secret Hana,https://static.wikia.nocookie.net/kpop/images/2/27/Secret_Jung_Ha_Na_Secret_Summer_concept_photo.png,t5SBTjU.png
EXID,Hani,1992-05-01,gen2,South Korea,EXID Hani,https://static.wikia.nocookie.net/kpop/images/5/57/EXID_Hani_X_concept_photo_%281%29.png,1tqFknq.jpeg
Apink,Hayoung,1996-07-19,gen2,South Korea,Apink Hayoung,https://static.wikia.nocookie.net/kpop/images/f/f8/Apink_Hayoung_Horn_concept_photo_3.png,qRFys3W.jpeg
Brave Girls,Hayun,1994-08-29,gen2,South Korea,Brave Girls Hayun,https://static.wikia.nocookie.net/kpop/images/5/5f/Hayun_Dalha_Sandbox_Network_profile_photo.png,dDBDWKs.png
T-ara,Hwayoung,1993-04-22,gen2,South Korea,T-ara Hwayoung,https://static.wikia.nocookie.net/kpop/images/a/a5/T-ARA_SPEED_The_SeeYa_%26_Seung_Hee_White_Snow_cover_art.png,rvFXwzi.png
AOA,Hyejeong,1993-08-10,gen2,South Korea,AOA Hyejeong,https://static.wikia.nocookie.net/kpop/images/a/ad/AOA_Hyejeong_New_Moon_jacket_poster_1.png,okjVFkD.jpeg
9Muses,Hyemi,1991-04-03,gen2,South Korea,9Muses Hyemi,https://static.wikia.nocookie.net/kpop/images/0/05/Pyo_Hyemi_MEFLEX_Entertainment_profile_photo_%281%29.png,JSDwiDr.jpeg
Stellar,Hyeoeun,1993-03-16,gen2,South Korea,Stellar Hyeoeun,https://static.wikia.nocookie.net/kpop/images/5/51/Stellar_Hyoeun_Palette_Entertainment_profile_photo_1.png,aDKZiIc.jpeg
Brave Girls,Hyeran,1993-04-09,gen2,South Korea,Brave Girls Hyeran,https://static.wikia.nocookie.net/kpop/images/9/9e/Brave_Girls_Hyeran_Yoohoo_promotional_photo.png,DSIOLO0.jpeg
Girl's Day,Hyeri,1994-06-09,gen2,South Korea,Girl's Day Hyeri,https://static.wikia.nocookie.net/kpop/images/f/fe/Girl%27s_Day_Hyeri_Everyday_5_promo_photo.png,gzAFqGO.jpeg
Wonder Girls,Hyerim,1992-09-01,gen2,South Korea,Wonder Girls Hyerim,https://static.wikia.nocookie.net/kpop/images/5/5c/Hyerim_rrr_Entertainment_profile_photo_%281%29.png,9r2baV5.png
EXID,Hyerin,1993-08-23,gen2,South Korea,EXID Hyerin,https://static.wikia.nocookie.net/kpop/images/b/b4/EXID_Hyelin_X_concept_photo_%281%29.png,C7spu99.jpeg
Girls' Generation,Hyo,1989-09-22,gen2,South Korea,Girls' Generation Hyo,https://static.wikia.nocookie.net/kpop/images/5/5e/GOT_the_beat_Hyoyeon_Stamp_On_It_concept_photo_4.png,dS8UPyw.jpeg
Sistar,Hyolyn,1990-12-11,gen2,South Korea,Sistar Hyolyn,https://static.wikia.nocookie.net/kpop/images/1/14/Hyolyn_Ice_concept_photo_14.png,NwwNnAe.jpeg
T-ara,Hyomin,1989-05-30,gen2,South Korea,T-ara Hyomin,https://static.wikia.nocookie.net/kpop/images/a/a2/T-ARA_Hyomin_Re_T-ARA_concept_photo_%282%29.png,kGwMkpR.jpeg
Wonder Girls,Hyuna,1992-06-06,gen2,South Korea,Wonder Girls Hyuna,https://static.wikia.nocookie.net/kpop/images/f/f9/HyunA_Nabillera_teaser_photo_2.png,IQwVrnE.jpeg
Rainbow,Hyunyoung,1991-08-11,gen2,South Korea,Rainbow Hyunyoung,https://static.wikia.nocookie.net/kpop/images/e/e2/Rainbow_Cho_Hyun_Young_Over_The_Rainbow_teaser_image_%282%29.png,vAmAcai.png
soloist,IU,1993-05-16,gen2,South Korea,soloist IU,https://static.wikia.nocookie.net/kpop/images/6/6d/IU_Strawberry_Moon_Concept_Teaser.png,Wfz8smb.jpeg
9Muses,Jaekyung,1987-09-19,gen2,South Korea,9Muses Jaekyung,https://static.wikia.nocookie.net/kpop/images/a/a3/9MUSES_Jaekyung_debut_profile_photo.png,SPUJZAO.png
Rainbow,Jaekyung,1988-12-24,gen2,South Korea,Rainbow Jaekyung,https://static.wikia.nocookie.net/kpop/images/d/d6/Rainbow_Kim_Jae_Kyung_Over_The_Rainbow_teaser_image_%283%29.png,bSpTc6d.jpeg
Brown Eyed Girls,JeA,1981-09-18,gen2,South Korea,Brown Eyed Girls JeA,https://static.wikia.nocookie.net/kpop/images/6/6d/JeA_Neoleul_Chughahae_concept_photo_%281%29.png,6Ap3i2Q.jpeg
Fiestar,Jei,1989-09-05,gen2,South Korea,Fiestar Jei,https://static.wikia.nocookie.net/kpop/images/8/8d/FIESTAR_Jei_Apple_Pie_concept_photo_%281%29.png,RKNbiuS.png
4Minute,Jenyer,1990-10-15,gen2,South Korea,4Minute Jenyer,https://static.wikia.nocookie.net/kpop/images/c/c0/PRSNT_Jenyer_Crazy_Driver_promo_photo_%281%29.png,e0RvTm0.jpeg
Stellar,Jeon Youl,1994-03-20,gen2,South Korea,Stellar Jeon Youl,https://static.wikia.nocookie.net/kpop/images/e/ee/Jeonyoul_Like_It_promo_photo_%283%29.png,zldrNFu.png
Apink,Jeong Eunji,1993-08-18,gen2,South Korea,Apink Jeong Eunji,https://static.wikia.nocookie.net/kpop/images/6/61/Jeong_Eun_Ji_Log_concept_photo_2.png,CY4G9Ea.jpeg
Girls' Generation,Jessica,1989-04-18,gen2,South Korea,Girls' Generation Jessica,https://upload.wikimedia.org/wikipedia/commons/b/bf/Jessica_on_the_CLEO_Thailand_magazine_%28cropped%29.png,3yBxR2a.jpeg
Miss A,Jia,1989-02-03,gen2,South Korea,Miss A Jia,https://static.wikia.nocookie.net/kpop/images/b/bb/Jia_Candy_promotional_photo.png,KhxYm7P.jpeg
Girl's Day,Jihae,1989-05-14,gen2,South Korea,Girl's Day Jihae,https://static.wikia.nocookie.net/kpop/images/d/dc/Girl%27s_Day_Jihae_Everyday_II_promo_photo_%281%29.png,FRAV4bp.png
Girl's Day,Jiin,1992-03-13,gen2,South Korea,Girl's Day Jiin,https://static.wikia.nocookie.net/kpop/images/5/56/Jang_Hyeri_Seobangnim_promo_photo.png,gJVat1j.jpeg
AOA,Jimin,1991-01-08,gen2,South Korea,AOA Jimin,https://static.wikia.nocookie.net/kpop/images/2/22/Shin_Jimin_Boxes_promotional_photo.png,4uDETkl.jpeg
Rainbow,Jisook,1990-07-18,gen2,South Korea,Rainbow Jisook,https://static.wikia.nocookie.net/kpop/images/4/47/Rainbow_Jisook_Over_The_Rainbow_teaser_image_%282%29.png,FK6sA4j.jpeg
Girl's Day,Jisun,1989-10-17,gen2,South Korea,Girl's Day Jisun,https://static.wikia.nocookie.net/kpop/images/d/d4/ShaFLA_Jisun_ShaFLA_NO.1_promo_photo.png,VwhJdKB.jpeg
SPICA,Jiwon,1988-04-05,gen2,South Korea,SPICA Jiwon,https://static.wikia.nocookie.net/kpop/images/4/45/UNI.T_Yang_Ji_Won_Begin_With_the_End_promo_photo.png,XakKbI2.jpeg
T-ara,Jiyeon,1993-06-07,gen2,South Korea,T-ara Jiyeon,https://static.wikia.nocookie.net/kpop/images/f/f9/T-ARA_Jiyeon_Re_T-ARA_concept_photo_%282%29.png,Okxset2.jpeg
Kara,Jiyoung Kang,1994-01-18,gen2,South Korea,Kara Jiyoung Kang,https://static.wikia.nocookie.net/kpop/images/3/33/KARA_Jiyoung_Move_Again_concept_photo_%282%29.png,T4A7iLl.jpeg
Dal★Shabet,Jiyul,1991-07-30,gen2,South Korea,Dal★Shabet Jiyul,https://static.wikia.nocookie.net/kpop/images/f/f2/Jiyul_Jellyfish_Entertainment_Profile_photo.png,nY8gfw0.png
Urban Zakapa,Jo Hyunah,1989-08-28,gen2,South Korea,Urban Zakapa Jo Hyunah,https://static.wikia.nocookie.net/kindie/images/3/39/Urban_Zakapa_Jo_Hyun_Ah_Parting_promo_photo_%281%29.png,xeXrRTc.jpeg
After School,Jooyeon,1987-03-19,gen2,South Korea,After School Jooyeon,https://static.wikia.nocookie.net/kpop/images/5/52/After_School_BEST_promotional_photo.png,A5bIC9w.jpeg
Sunny Hill,Jubi,1986-08-04,gen2,South Korea,Sunny Hill Jubi,https://static.wikia.nocookie.net/kpop/images/0/0b/Kim_Eun_Young_Temperature_of_Love_promotional_photo.png,dhNquru.jpeg
Secret,Jun Hyo Seong,1989-10-13,gen2,South Korea,Secret Jun Hyo Seong,https://static.wikia.nocookie.net/kpop/images/8/87/Jun_Hyo_Seong_Starlight_individual_teaser_photo_%281%29.png,W2uBc0u.jpeg
After School,Jungah,1983-08-02,gen2,South Korea,After School Jungah,https://static.wikia.nocookie.net/kpop/images/8/88/After_School_Jung_Ah_Best_promo_photo.png,opFUnvb.png
EXID,Junghwa,1995-05-08,gen2,South Korea,EXID Junghwa,https://static.wikia.nocookie.net/kpop/images/f/fc/EXID_Jeonghwa_X_concept_photo_%281%29.png,PSWBIiK.jpeg
soloist,Juniel,1993-09-03,gen2,South Korea,soloist Juniel,https://static.wikia.nocookie.net/kpop/images/f/f6/Poetic_Narrador_Seo_A_Essay_concept_photo.png,feVufX2.jpeg
After School,Kaeun,1994-08-20,gen2,South Korea,After School Kaeun,https://static.wikia.nocookie.net/kpop/images/2/28/Lee_Gaeun_Esquire_Korea_January_2021_%281%29.png,HxUv65q.png
Dal★Shabet,Kaeun,1992-07-28,gen2,South Korea,Dal★Shabet Kaeun,https://static.wikia.nocookie.net/kpop/images/a/aa/Dalshabet_Kaeun_Joker_Is_Alive_concept_photo.png/,GFb96Kp.jpeg
After School,Kahi,1980-12-25,gen2,South Korea,After School Kahi,https://static.wikia.nocookie.net/kpop/images/6/65/Kahi_Who_Are_You_concept_photo.png,SmrYhQp.png
EXID,Kang Hye Yeon,1990-12-08,gen2,South Korea,EXID Kang Hye Yeon,https://static.wikia.nocookie.net/kpop/images/c/c4/Kang_Hye_Yeon_Sunday_Hyeyeon_promo_photo.png,cRnrT3V.jpeg
Davichi,Kang Min Kyung,1990-08-03,gen2,South Korea,Davichi Kang Min Kyung,https://static.wikia.nocookie.net/kpop/images/5/5a/Davichi_Kang_Min_Kyung_Season_Note_concept_photo_1.png,3Luzslf.jpeg
9Muses,Keumjo,1992-12-17,gen2,South Korea,9Muses Keumjo,https://static.wikia.nocookie.net/kpop/images/f/fe/Keumjo_Moonlight_concept_photo.png,OAclbVO.png
SPICA,Kim Bo Hyung,1989-03-31,gen2,South Korea,SPICA Kim Bo Hyung,https://static.wikia.nocookie.net/kpop/images/3/3e/KEEMBO_Kim_Bohyung_Whatever_concept_photo_%283%29.png,C2EYCVQ.jpeg
SeeYa,Kim Yeonji,1986-10-30,gen2,South Korea,SeeYa Kim Yeonji,https://static.wikia.nocookie.net/kpop/images/e/e5/SeeYa_See_You_Again_group_promo_photo_%281%29.png,n3v1Ce6.jpeg
Sunny Hill,Kota,1987-10-14,gen2,South Korea,Sunny Hill Kota,https://static.wikia.nocookie.net/kpop/images/2/28/WSG_Wannabe_OASISO_Kota_1st_Album_promotional_photo.png,0ZhMFJR.jpeg
f(x),Krystal,1994-10-24,gen2,South Korea,f(x) Krystal,https://static.wikia.nocookie.net/kpop/images/6/69/Krystal_I_Don%27t_Wanna_Love_You_concept_photo_%281%29.png,TWqxrSX.jpeg
EXID,LE,1991-12-10,gen2,South Korea,EXID LE,https://static.wikia.nocookie.net/kpop/images/8/89/EXID_LE_X_concept_photo_%282%29.png,c6UN0Ym.jpeg
Davichi,Lee Haeri,1985-02-14,gen2,South Korea,Davichi Lee Haeri,https://static.wikia.nocookie.net/kpop/images/3/32/Davichi_Lee_Hae_Ri_Season_Note_concept_photo_1.png,ijdX6ql.jpeg
9Muses,LeeSem,1987-05-05,gen2,South Korea,9Muses LeeSem,https://static.wikia.nocookie.net/kpop/images/1/1f/9MUSES_Lee_Sem_Glue_concept_photo_%282%29.png,lR10SEn.jpeg
soloist,Lim Jeonghee,1981-05-17,gen2,South Korea,soloist Lim Jeonghee,https://static.wikia.nocookie.net/kpop/images/3/3b/Joo_Hee_Goodbye_Now_concept_photo_1.png,OAauOYi.jpeg
Hellovenus,Lime,1993-01-19,gen2,South Korea,Hellovenus Lime,https://static.wikia.nocookie.net/kpop/images/b/b7/Chae_Joo_Hwa_2019_Fantagio_profile_photo_%281%29.png,nWSoes9.png
Fiestar,Linzy,1989-10-22,gen2,South Korea,Fiestar Linzy,https://static.wikia.nocookie.net/kpop/images/b/b4/Linzy_2018_photo.png,IpTqES7.png
After School,Lizzy,1992-07-31,gen2,South Korea,After School Lizzy,https://static.wikia.nocookie.net/kpop/images/b/bb/Park_Soo_Ah_Celltrion_Entertainment_profile_photo.png,DZutdTF.png
f(x),Luna,1993-08-12,gen2,South Korea,f(x) Luna,https://static.wikia.nocookie.net/kpop/images/5/56/Luna_Madonna_concept_photo_1.png,F6PnQYs.jpeg
Miss A,Min,1991-06-21,gen2,South Korea,Miss A Min,https://static.wikia.nocookie.net/kpop/images/0/01/Min_Hit_Me_Up_teaser_photo.png,0KDJOOy.jpeg
AOA,Mina,1993-09-21,gen2,South Korea,AOA Mina,https://static.wikia.nocookie.net/kpop/images/4/46/Mina_BNT_International_2020_%281%29.png/,D3RhzOZ.jpeg
Girl's Day,Minah,1993-05-13,gen2,South Korea,Girl's Day Minah,https://static.wikia.nocookie.net/kpop/images/8/87/Girl%27s_Day_Minah_Everyday_5_promo_photo.png,Y5Gym6b.jpeg
Stellar,Minhee,1993-01-03,gen2,South Korea,Stellar Minhee,https://static.wikia.nocookie.net/kpop/images/1/1b/Stellar_Minhee_Stellar_into_the_World_promo_photo.png,G8KNsPe.jpeg
Brave Girls,Minyoung,1990-09-12,gen2,South Korea,Brave Girls Minyoung,https://static.wikia.nocookie.net/kpop/images/9/95/Brave_Girls_Minyoung_Thank_you_individual_photo_2.png,8PI1iUL.jpeg
2NE1,Minzy,1994-01-18,gen2,South Korea,2NE1 Minzy,https://static.wikia.nocookie.net/kpop/images/1/11/Minzy_Watcha_Original_%27Double_Trouble%27_poster.png,QV2m2YD.png
Brown Eyed Girls,Miryo,1981-11-02,gen2,South Korea,Brown Eyed Girls Miryo,https://static.wikia.nocookie.net/kpop/images/f/f8/Brown_Eyed_Girls_Miryo_RE_vive_official_photo_1.png,BhJL72x.png
Sunny Hill,Misung,1986-04-13,gen2,South Korea,Sunny Hill Misung,https://static.wikia.nocookie.net/kpop/images/2/29/Sunny_Hill_Misung_2014_profile_photo.png,dRZShyr.jpeg
9Muses,Moon Hyuna,1987-01-19,gen2,South Korea,9Muses Moon Hyuna,https://static.wikia.nocookie.net/kpop/images/8/8e/Me_Us_Moon_Hyuna_Wind_promo_photo.png,4wjrf1x.png
soloist,NS Yoon-G,1988-09-06,gen2,South Korea,soloist NS Yoon-G,https://static.wikia.nocookie.net/kpop/images/b/b4/Kim_Yun_Jee_Sublime_profile_photo.png,GacNRgx.png
Apink,Naeun,1994-02-10,gen2,South Korea,Apink Naeun,https://static.wikia.nocookie.net/kpop/images/b/b9/Son_Na_Eun_YG_Entertainment_profile_photo.png,jtKQ0Y1.png
Apink,Namjoo,1995-04-15,gen2,South Korea,Apink Namjoo,https://static.wikia.nocookie.net/kpop/images/0/08/Apink_Namjoo_Horn_concept_photo_4.png,4cQYpZG.jpeg
After School,Nana,1991-09-14,gen2,South Korea,After School Nana,https://static.wikia.nocookie.net/kpop/images/c/c8/Nana_Marie_Claire_Korea_pictorial_%282021-11%29_%282%29.png,aEPXgvI.jpeg
Hellovenus,Nara,1991-03-13,gen2,South Korea,Hellovenus Nara,https://static.wikia.nocookie.net/kpop/images/3/3b/Kwon_Nara_C-JeS_Entertainment_profile_photo_%281%29.png,VAkpDrm.png
SPICA,Narae,1988-02-23,gen2,South Korea,SPICA Narae,https://static.wikia.nocookie.net/kpop/images/8/86/SPICA_Park_Narae_Secret_Time_concept_photo.png,8vzrTBv.jpeg
Brown Eyed Girls,Narsha,1981-12-28,gen2,South Korea,Brown Eyed Girls Narsha,https://static.wikia.nocookie.net/kpop/images/2/22/Brown_Eyed_Girls_Narsha_RE_vive_official_photo_%281%29.png,qm3vDGi.png
Kara,Nicole Jung,1991-10-07,gen2,South Korea,Kara Nicole Jung,https://static.wikia.nocookie.net/kpop/images/f/f1/Nicole_Mysterious_concept_photo_%283%29.png,6NVZxwf.jpeg
Rainbow,Noeul,1989-05-10,gen2,South Korea,Rainbow Noeul,https://static.wikia.nocookie.net/kpop/images/1/1d/Rainbow_No_Eul_Over_The_Rainbow_teaser_image_%283%29.png,yYq9pvJ.jpeg
2NE1,Park Bom,1984-03-24,gen2,South Korea,2NE1 Park Bom,http://res.heraldm.com/content/image/2014/07/01/20140701000575_0.jpg,Wvw6Bix.jpeg
Kara,Park Gyuri,1988-05-21,gen2,South Korea,Kara Park Gyuri,https://static.wikia.nocookie.net/kpop/images/0/0d/KARA_Gyuri_Move_Again_concept_photo_%282%29.png,6WKYTcA.jpeg
T-ara,Qri,1986-12-12,gen2,South Korea,T-ara Qri,https://static.wikia.nocookie.net/kpop/images/1/10/T-ARA_Qri_Re_T-ARA_concept_photo_%283%29.png,rpAmbgO.jpeg
After School,Raina,1989-05-07,gen2,South Korea,After School Raina,https://static.wikia.nocookie.net/kpop/images/6/69/Raina_It%27s_Okay_promo_photo.png,s096Kif.jpeg
9Muses,Rana,1983-06-26,gen2,South Korea,9Muses Rana,https://static.wikia.nocookie.net/kpop/images/5/5a/Rana_Na_Na_Na_promo_photo.png,E2fcm6C.jpeg
9Muses,Ryu Sera,1987-10-03,gen2,South Korea,9Muses Ryu Sera,https://static.wikia.nocookie.net/kpop/images/9/97/Ryu_Sera_profile_photo_%282020%29.png,5YhVzpg.png
2NE1,Sandara Park,1984-11-12,gen2,South Korea,2NE1 Sandara Park,https://static.wikia.nocookie.net/kpop/images/c/c6/Sandara_Park_Abyss_Company_Promotional_Photo_%281%29.png,3vmY6iW.png
Brave Girls,Seoah,1988-02-09,gen2,South Korea,Brave Girls Seoah,https://static.wikia.nocookie.net/kpop/images/4/40/Park_Seoa_Instagram_update_%28January_9%2C_2021%29.png,su2U2BK.jpeg
Girls' Generation,Seohyun,1991-06-28,gen2,South Korea,Girls' Generation Seohyun,https://static.wikia.nocookie.net/kpop/images/f/f1/Girls%27_Generation_Seohyun_Forever_1_concept_photo_1.png,NhJDxQE.jpeg
AOA,Seolhyun,1995-01-03,gen2,South Korea,AOA Seolhyun,https://static.wikia.nocookie.net/kpop/images/b/b7/Seolhyun_IEUM_Hashtag_profile_photo_%28November_2022%29.png,S7ZvDk6.png
Hellovenus,Seoyoung,1994-06-27,gen2,South Korea,Hellovenus Seoyoung,https://static.wikia.nocookie.net/kpop/images/c/c8/Lee_Seo_Young_2022_Urban_Works_Entertainment_profile_photo_%281%29.png,4rugp2j.png
Dal★Shabet,Serri,1990-09-16,gen2,South Korea,Dal★Shabet Serri,https://static.wikia.nocookie.net/kpop/images/7/77/Serri_Dream_promo_photo.png,mygXwW4.jpeg
Rainbow,Seungah,1988-09-13,gen2,South Korea,Rainbow Seungah,https://static.wikia.nocookie.net/kpop/images/3/38/Rainbow_Oh_Seung_Ah_Over_The_Rainbow_teaser_image_%282%29.png,S6s54kt.png
Kara,Seungyeon,1988-07-24,gen2,South Korea,Kara Seungyeon,https://static.wikia.nocookie.net/kpop/images/9/90/KARA_Seungyeon_Move_Again_concept_photo_%282%29.png,5RugHBn.jpeg
4Minute,Sohyun,1994-08-30,gen2,South Korea,4Minute Sohyun,https://static.wikia.nocookie.net/kpop/images/8/84/Kwon_So_Hyun_Management_Allum_profile_photo_%281%29.png,my8vZo3.png
9Muses,Sojin,1991-10-11,gen2,South Korea,9Muses Sojin,https://static.wikia.nocookie.net/kpop/images/7/7c/Jo_So_Jin_BNT_August_2020_%281%29.png,6Kyua2G.jpeg
Girl's Day,Sojin,1986-05-21,gen2,South Korea,Girl's Day Sojin,https://static.wikia.nocookie.net/kpop/images/c/c9/Park_Sojin_Noon_Company_profile_photo_2019_%282%29.png,VkVdhVb.png
EXID,Solji,1989-01-10,gen2,South Korea,EXID Solji,https://static.wikia.nocookie.net/kpop/images/7/7c/EXID_Solji_X_concept_photo_%281%29.png,CcQuKCx.jpeg
Secret,Song Jieun,1990-05-05,gen2,South Korea,Secret Song Jieun,https://static.wikia.nocookie.net/kpop/images/9/9b/Song_Ji_Eun_Bloom_concept_photo_3.png,lRuvgj4.jpeg
SeeYa,Soomi,1989-03-03,gen2,South Korea,SeeYa Soomi,https://static.wikia.nocookie.net/kpop/images/e/e5/SeeYa_See_You_Again_group_promo_photo_%281%29.png,YkPhJ32.jpeg
Girls' Generation,Sooyoung,1990-02-10,gen2,South Korea,Girls' Generation Sooyoung,https://static.wikia.nocookie.net/kpop/images/b/b7/Girls%27_Generation_Sooyoung_Forever_1_concept_photo_7.png,fEuwz0V.jpeg
T-ara,Soyeon,1987-10-05,gen2,South Korea,T-ara Soyeon,https://static.wikia.nocookie.net/kpop/images/6/6b/Soyeon_Interview_concept_photo_%281%29.png,wrjNMVE.jpeg
Sistar,Soyou,1992-02-12,gen2,South Korea,Sistar Soyou,https://static.wikia.nocookie.net/kpop/images/9/99/Soyou_Day_%26_Night_teaser_photo_2.png,kYWWowy.jpeg
After School,Soyoung,1986-03-29,gen2,South Korea,After School Soyoung,https://static.wikia.nocookie.net/kpop/images/a/a4/Soyoung_BNT_International_photoshoot_%281%29.png,8PlRaaj.png
Stellar,Soyoung,1993-09-09,gen2,South Korea,Stellar Soyoung,https://static.wikia.nocookie.net/kpop/images/e/e3/Hanahreum_Company_Im_So_Young_profile_photo.png,HP78cfK.jpeg
Crayon Pop,Soyul,1991-05-15,gen2,South Korea,Crayon Pop Soyul,https://static.wikia.nocookie.net/kpop/images/5/5d/Crayon_Pop_Soyul_Doom_Doom_Chit_promo_photo.png,Rc8DEkn.png
f(x),Sulli,1994-03-29,gen2,South Korea,f(x) Sulli,https://static.wikia.nocookie.net/kpop/images/f/f5/Sulli_Goblin_promotional_photo_2.png,aB8qobB.png
9Muses,Sungah,1989-07-08,gen2,South Korea,9Muses Sungah,https://static.wikia.nocookie.net/kpop/images/5/50/9MUSES_Sungah_Lost_promo_photo.png,WbwRjF5.jpeg
Secret,Sunhwa,1990-10-06,gen2,South Korea,Secret Sunhwa,https://static.wikia.nocookie.net/kpop/images/f/f0/Secret_Secret_Summer_group_concept_photo.png,DOJIoMW.jpeg
Wonder Girls,Sunmi,1992-05-02,gen2,South Korea,Wonder Girls Sunmi,https://static.wikia.nocookie.net/kpop/images/0/0d/Sunmi_37%E2%84%83_concept_photo_3.png,0HA5ZPr.jpeg
Girls' Generation,Sunny,1989-05-15,gen2,South Korea,Girls' Generation Sunny,https://static.wikia.nocookie.net/kpop/images/5/54/Girls%27_Generation_Sunny_Forever_1_concept_photo_2.png,wBYhaRw.jpeg
Wonder Girls,Sunye,1989-08-12,gen2,South Korea,Wonder Girls Sunye,https://static.wikia.nocookie.net/kpop/images/b/b4/Sunye_Genuine_concept_photo_%289%29.png,6S6l2ak.png
Miss A,Suzy,1994-10-10,gen2,South Korea,Miss A Suzy,https://static.wikia.nocookie.net/kpop/images/5/5f/Suzy_Vogue_Korea_June_2020_%281%29.png,my0Ea9g.jpeg
Girls' Generation,Taeyeon,1989-03-09,gen2,South Korea,Girls' Generation Taeyeon,https://static.wikia.nocookie.net/kpop/images/b/b4/GOT_the_beat_Taeyeon_Stamp_On_It_concept_photo_4.png,hNM4nC9.jpeg
Girls' Generation,Tiffany,1989-08-01,gen2,South Korea,Girls' Generation Tiffany,https://static.wikia.nocookie.net/kpop/images/0/09/Tiffany_SUBLIME_profile_photo.png,leSjkjs.png
After School,UEE,1998-04-09,gen2,South Korea,After School UEE,https://static.wikia.nocookie.net/kpop/images/7/77/UEE_King_Entertainment_photo.png,kko3ZUs.png
EXID,Uji,1991-01-02,gen2,South Korea,EXID Uji,https://static.wikia.nocookie.net/kpop/images/6/62/Jung_Yooji_World_Star_Entertainment_profile_photo.png,nLIt2bQ.png
f(x),Victoria,1987-02-02,gen2,China,f(x) Victoria,https://static.wikia.nocookie.net/kpop/images/f/f2/Victoria_Victoria_album_concept_photo_6.png,rCAsPIZ.png
Dal★Shabet,Viki,1988-03-28,gen2,South Korea,Dal★Shabet Viki,http://2.bp.blogspot.com/-SXpvMr7Hf3I/Vp0C_e4zS0I/AAAAAAAAPbk/3Kyn3M4Z1I8/s1600/viki.jpg,6qcfmOJ.jpeg
Crayon Pop,Way,1990-07-12,gen2,South Korea,Crayon Pop Way,https://static.wikia.nocookie.net/kpop/images/f/f9/Crayon_Pop_Way_Evolution_Pop_Vol.1_promo_photo.png,gIls0qZ.png
Dal★Shabet,Woohee,1991-11-21,gen2,South Korea,Dal★Shabet Woohee,https://static.wikia.nocookie.net/kpop/images/a/ab/UNI.T_Woohee_Begin_With_the_End_promo_photo.png/,lLTP6r9.jpeg
Rainbow,Woori,1988-02-22,gen2,South Korea,Rainbow Woori,https://static.wikia.nocookie.net/kpop/images/4/47/Rainbow_Go_Woo_Ri_Over_The_Rainbow_teaser_image_%282%29.png,WTUuW4w.png
Brave Girls,Yejin,1990-11-24,gen2,South Korea,Brave Girls Yejin,https://static.wikia.nocookie.net/kpop/images/5/5a/Yujin_%40misshanye_Instagram_Update_%2823_February_2020%29.png,wyg2jYi.png
Fiestar,Yel,1990-08-10,gen2,South Korea,Fiestar Yel,https://www.generasia.com/w/images/2/26/YEL_-_Mugilyeoghae_promo.jpg,1VZcfM9.jpeg
Hellovenus,Yeoreum,1996-06-04,gen2,South Korea,Hellovenus Yeoreum,https://static.wikia.nocookie.net/kpop/images/5/52/Yoo_Na_Gyul_2019_Fantagio_profile_photo_%281%29.png,sg7G4IP.jpeg
Fiestar,Yezi,1994-08-26,gen2,South Korea,Fiestar Yezi,https://static.wikia.nocookie.net/kpop/images/8/8c/Yezi_Secreto_teaser_photo_2.png,7CKCWi4.jpeg
Hellovenus,Yoo Ara,1992-09-26,gen2,South Korea,Hellovenus Yoo Ara,https://static.wikia.nocookie.net/kpop/images/0/0a/Yoo_Ara_Urban_Works_Entertainment_profile_photo.png,WCtTjHt.png
Brave Girls,Yoojin,1992-09-14,gen2,South Korea,Brave Girls Yoojin,https://static.wikia.nocookie.net/kpop/images/2/2e/Brave_Girls_Yujin_Yoo_Hoo_concept_photo.png,xJKHQAo.png
Apink,Yookyung,1994-11-22,gen2,South Korea,Apink Yookyung,https://static.wikia.nocookie.net/kpop/images/5/5e/Apink_Yookyung_Une_Annee_concept_photo.png,z33MiBf.png
Girls' Generation,Yoona,1990-05-30,gen2,Japan,Girls' Generation Yoona,https://static.wikia.nocookie.net/kpop/images/e/e6/Girls%27_Generation_Yoona_Forever_1_concept_photo_3.png,uw1gNJ9.jpeg
Rainbow,Yoonhye,1990-04-14,gen2,South Korea,Rainbow Yoonhye,https://static.wikia.nocookie.net/kpop/images/7/7c/Rainbow_Jung_Yoon_Hye_Over_The_Rainbow_teaser_image_%283%29.png,BIl6OGo.jpeg
Hellovenus,Yooyoung,1995-01-23,gen2,South Korea,Hellovenus Yooyoung,https://dbkpop.com/wp-content/uploads/2017/01/hello_venus_yooyoung.jpg,MNyU2bO.jpeg
AOA,Youkyung,1993-03-15,gen2,South Korea,AOA Youkyung,https://static.wikia.nocookie.net/kpop/images/1/19/UNI_Youkyung_profile_photo.png,FE2p4AT.png
Kara,Youngji,1994-08-30,gen2,South Korea,Kara Youngji,https://static.wikia.nocookie.net/kpop/images/0/0c/KARA_Youngji_Move_Again_concept_photo_%282%29.png,gqoUs82.jpeg
soloist,Younha,1988-05-29,gen2,South Korea,soloist Younha,https://static.wikia.nocookie.net/kpop/images/e/ec/Younha_2022_C9_Christmas_concept_photo.png,JIDpg8x.jpeg
Wonder Girls,Yubin,1988-10-04,gen2,South Korea,Wonder Girls Yubin,https://static.wikia.nocookie.net/kpop/images/0/02/Yubin_Wild_Entertainment_Group_profile_photo.png,0ZXbmdS.jpeg
AOA,Yuna,1992-12-30,gen2,South Korea,AOA Yuna,https://static.wikia.nocookie.net/kpop/images/b/bf/AOA_Yuna_New_Moon_jacket_poster_1.png,SwByUez.jpeg
Brave Girls,Yuna,1993-04-06,gen2,South Korea,Brave Girls Yuna,https://static.wikia.nocookie.net/kpop/images/c/c2/Brave_Girls_Yuna_Thank_you_individual_photo_2.png,iFIDW5T.jpeg
Girl's Day,Yura,1992-11-06,gen2,South Korea,Girl's Day Yura,https://static.wikia.nocookie.net/kpop/images/9/99/Girl%27s_Day_Yura_Everyday_5_promo_photo.png,1BRmv8s.jpeg
Girls' Generation,Yuri,1989-12-05,gen2,South Korea,Girls' Generation Yuri,https://static.wikia.nocookie.net/kpop/images/3/3c/Girls%27_Generation_Yuri_Forever_1_concept_photo_8.png,MHU8ojX.jpeg
Momoland,AhIn,1999-09-27,gen3,South Korea,Momoland AhIn,https://static.wikia.nocookie.net/kpop/images/d/d9/MOMOLAND_Ahin_Yummy_Yummy_Love_concept_photo.png,NRliQWy.jpeg
Oh My Girl,Arin,1999-06-18,gen3,South Korea,Oh My Girl Arin,https://static.wikia.nocookie.net/kpop/images/d/d5/OH_MY_GIRL_Arin_Blue_%26_Black_concept_photo_01.png,llxjzqr.jpeg
Ladies' code,Ashley,1991-11-09,gen3,South Korea,Ladies' code Ashley,https://static.wikia.nocookie.net/kpop/images/5/59/LADIES%27_CODE_Ashley_Code_03_Set_Me_Free_concept_photo_%281%29.png,aYxcakV.jpeg
soloist,Bolbbalgan4,1995-09-14,gen3,South Korea,soloist Bolbbalgan4,https://static.wikia.nocookie.net/kpop/images/b/b0/Sohee_Hurry_Up_album_cover.png,HZIIQEY.jpeg
WJSN,Bona,1995-08-19,gen3,South Korea,WJSN Bona,https://static.wikia.nocookie.net/kpop/images/3/3c/WJSN_Bona_WJSN_2023_Season%27s_Greetings_The_Mood_teaser_01.png,tKXYTSD.jpeg
Alice,Chaejeong,1999-08-26,gen3,South Korea,Alice Chaejeong,https://static.wikia.nocookie.net/kpop/images/7/75/ALICE_Chaejeong_Dance_On_concept_photo_02.png,J7WKqXB.jpeg
April,Chaewon,1997-11-08,gen3,South Korea,April Chaewon,https://static.wikia.nocookie.net/kpop/images/8/8c/Chaewon_Janggoon_Entertainment_profile_photo.png,lGTX0QM.jpeg
Busters,Chaeyeon,2004-12-04,gen3,South Korea,Busters Chaeyeon,https://static.wikia.nocookie.net/kpop/images/3/31/TripleS_Kim_ChaeYeon_Assemble_concept_photo.png,PoRJPyp.jpeg
Dia,Chaeyeon,1997-12-01,gen3,South Korea,Dia Chaeyeon,https://static.wikia.nocookie.net/kpop/images/1/11/DIA_Chaeyeon_Newtro_concept_photo_%281%29.png,ZgJblRe.jpeg
Twice,Chaeyoung,1999-04-23,gen3,South Korea,Twice Chaeyoung,https://static.wikia.nocookie.net/kpop/images/4/40/TWICE_Chaeyoung_Ready_To_Be_concept_photo_1.png,B1mdidp.jpeg
WJSN,Cheng Xiao,1998-07-15,gen3,China,WJSN Cheng Xiao,https://static.wikia.nocookie.net/kpop/images/c/c1/Cheng_Xiao_Focus-X_teaser_photo_%284%29.png,yOL4OOz.png
I.O.I,Chung ha,1996-02-09,gen3,South Korea,I.O.I Chung ha,https://static.wikia.nocookie.net/kpop/images/5/5c/Chung_Ha_Bare%26Rare_Pt_1_concept_photo_03.png,6dAvFeC.jpeg
Sonamoo,D.ana,1995-09-10,gen3,South Korea,Sonamoo D.ana,https://static.wikia.nocookie.net/kpop/images/9/9d/SONAMOO_D.ana_Happy_Box_Part.2_concept_photo_%281%29.png,7pmUTmb.jpeg
BESTie,Dahye,1993-06-12,gen3,South Korea,BESTie Dahye,https://static.wikia.nocookie.net/kpop/images/7/72/Dahye_Bad_Blood_concept_photo_%285%29.png,nCRU50l.png
Twice,Dahyun,1998-05-28,gen3,South Korea,Twice Dahyun,https://static.wikia.nocookie.net/kpop/images/9/9b/TWICE_Dahyun_Ready_To_Be_concept_photo_1.png,rc0f2rq.jpeg
Momoland,Daisy,1999-01-22,gen3,South Korea,Momoland Daisy,https://static.wikia.nocookie.net/kpop/images/3/39/MOMOLAND_Daisy_Fun_To_The_World_promo_photo.png,KV06GVf.jpeg
Dreamcatcher,Dami,1997-03-07,gen3,South Korea,Dreamcatcher Dami,https://static.wikia.nocookie.net/kpop/images/3/3c/Dreamcatcher_Dami_Apocalypse_Follow_Us_teaser_photo_%281%29.png,LXPKoCn.jpeg
WJSN,Dawon,1997-03-16,gen3,South Korea,WJSN Dawon,https://static.wikia.nocookie.net/kpop/images/8/84/WJSN_Dawon_WJSN_2023_Season%27s_Greetings_The_Mood_teaser_01.png,BgOyRyT.jpeg
WJSN,Dayoung,1999-05-14,gen3,South Korea,WJSN Dayoung,https://static.wikia.nocookie.net/kpop/images/4/40/WJSN_Dayoung_WJSN_2023_Season%27s_Greetings_The_Mood_teaser_01.png,9BSdPVs.jpeg
Alice,Do-A,1999-02-02,gen3,South Korea,Alice Do-A,https://static.wikia.nocookie.net/kpop/images/9/9c/ALICE_Do-A_Dance_On_concept_photo_02.png,zVRRLbI.jpeg
Weki Meki,Doyeon,1999-12-04,gen3,South Korea,Weki Meki Doyeon,https://static.wikia.nocookie.net/kpop/images/1/1e/Weki_Meki_Doyeon_2022_Profile_Photo.png,oLgfQuh.jpeg
Alice,Ej,1997-08-13,gen3,South Korea,Alice Ej,https://static.wikia.nocookie.net/kpop/images/3/3f/ALICE_EJ_Dance_On_concept_photo_02.png,a24mRTW.jpeg
CLC,Elkie,1998-11-02,gen3,Hong Kong,CLC Elkie,https://static.wikia.nocookie.net/kpop/images/a/a5/Elkie_for_BayPlus.jpg,A2ePc4V.jpeg
Weki Meki,Elly,1998-07-20,gen3,South Korea,Weki Meki Elly,https://static.wikia.nocookie.net/kpop/images/4/4b/Weki_Meki_Elly_2022_Profile_Photo.png,0RZY088.jpeg
Ladies' code,EunB,1992-11-23,gen3,South Korea,Ladies' code EunB,https://static.wikia.nocookie.net/kpop/images/e/ed/Ladies%27_Code_EunB_Code_01_Bad_Girl_photo.png/,LCw9ump.jpeg
CLC,Eunbin,2000-01-06,gen3,South Korea,CLC Eunbin,https://static.wikia.nocookie.net/kpop/images/c/ca/CLC_Eunbin_Helicopter_Concept_Photo_1.png,IoGJjmK.jpeg
Dia,Eunchae,1999-05-26,gen3,South Korea,Dia Eunchae,https://static.wikia.nocookie.net/kpop/images/f/f5/DIA_Eunchae_Flower_4_Seasons_concept_photo.png,1KOuyih.jpeg
GFriend,Eunha,1997-05-30,gen3,South Korea,GFriend Eunha,https://static.wikia.nocookie.net/kpop/images/a/a0/VIVIZ_Eunha_Various_concept_photo_1.png,yU7yh7S.jpeg
Dia,Eunice,1991-09-02,gen3,South Korea,Dia Eunice,https://static.wikia.nocookie.net/kpop/images/a/a0/DIA_Eunice_Flower_4_Seasons_concept_photo.png,4C3jEjt.jpeg
Dia,Eunjin,1997-08-31,gen3,South Korea,Dia Eunjin,https://static.wikia.nocookie.net/kpop/images/3/39/DIA_Eunjin_Present_concept_photo.png,L1N6Ddx.png
WJSN,Eunseo,1998-05-27,gen3,South Korea,WJSN Eunseo,https://static.wikia.nocookie.net/kpop/images/7/75/WJSN_Eunseo_WJSN_2023_Season%27s_Greetings_The_Mood_teaser_01.png,tOUutRB.jpeg
Pristin,Eunwoo,1998-07-01,gen3,South Korea,Pristin Eunwoo,https://static.wikia.nocookie.net/kpop/images/7/70/HINAPIA_Eunwoo_New_Start_concept_photo.png,bqdFPUB.png
WJSN,Exy,1995-11-06,gen3,South Korea,WJSN Exy,https://static.wikia.nocookie.net/kpop/images/4/4f/WJSN_Exy_WJSN_2023_Season%27s_Greetings_The_Mood_teaser_01.png,yyvmSX3.jpeg
Dreamcatcher,Gahyeon,1999-02-03,gen3,South Korea,Dreamcatcher Gahyeon,https://static.wikia.nocookie.net/kpop/images/c/ce/Dreamcatcher_Gahyeon_Apocalypse_Follow_Us_teaser_photo_%281%29.png,0Ozkm0F.jpeg
Pristin,Gyeongwon,1997-11-05,gen3,South Korea,Pristin Gyeongwon,https://static.wikia.nocookie.net/kpop/images/7/7d/Gyeongwon_profile_photo_2020.png,nXrXa18.png
Gugudan,Haebin,1995-08-16,gen3,South Korea,Gugudan Haebin,https://static.wikia.nocookie.net/kpop/images/2/2b/Haebin_Swimming_promo_photo.png,AWJi6yX.png
Laboum,Haein,1995-05-19,gen3,South Korea,Laboum Haein,https://static.wikia.nocookie.net/kpop/images/7/74/Haein_R%26D_Company_profile_photo.png,WsWVkNQ.png
Gugudan,Hana,1993-04-30,gen3,Japan,Gugudan Hana,https://static.wikia.nocookie.net/kpop/images/4/4d/Shin_Bo_Ra_FN_Entertainment_Profile_Photo_01.png,vWD6w0L.png
Dreamcatcher,Handong,1996-03-26,gen3,China,Dreamcatcher Handong,https://static.wikia.nocookie.net/kpop/images/3/34/Dreamcatcher_Handong_Apocalypse_Follow_Us_teaser_photo_%281%29.png,VahvT6i.jpeg
soloist,Heize,1991-08-09,gen3,South Korea,soloist Heize,https://static.wikia.nocookie.net/kpop/images/5/54/Heize_Undo_Concept_photo_10.png/,Prw6zC8.jpeg
Sonamoo,Hezz,1996-10-08,gen3,South Korea,Sonamoo Hezz,https://static.wikia.nocookie.net/kpop/images/4/4b/Hezz_Churup_concept_photo_01.png,UkRdSmt.jpeg
Dia,Huihyeon,1995-06-16,gen3,South Korea,Dia Huihyeon,https://static.wikia.nocookie.net/kpop/images/d/de/Huihyeon_HICON_Entertainment_profile_photo.png,MBXvrak.jpeg
Mamamoo,Hwasa,1995-07-23,gen3,South Korea,Mamamoo Hwasa,https://static.wikia.nocookie.net/kpop/images/4/48/MAMAMOO_Hwa_Sa_2023_Season%27s_Greetings_MOOMOO%27S_DONUTS_teaser_01.png,ygsowHa.jpeg
Momoland,Hyebin,1996-01-12,gen3,South Korea,Momoland Hyebin,https://static.wikia.nocookie.net/kpop/images/2/2e/MOMOLAND_Hyebin_Yummy_Yummy_Love_concept_photo.png,TP4UuZz.jpeg
Gugudan,Hyeyeon,2000-08-05,gen3,South Korea,Gugudan Hyeyeon,https://static.wikia.nocookie.net/kpop/images/e/ee/Jo_Aram_2022_Beyond_J_profile_photo_%281%29.png,vmszKBK.png
Oh My Girl,Hyojung,1994-07-28,gen3,South Korea,Oh My Girl Hyojung,https://static.wikia.nocookie.net/kpop/images/c/c2/OH_MY_GIRL_Hyojung_Blue_%26_Black_concept_photo_01.png,bLDLeLv.jpeg
Busters,Hyungseo,2001-06-25,gen3,South Korea,Busters Hyungseo,https://static.wikia.nocookie.net/kpop/images/7/75/CLASSy_Hyungseo_Target_concept_photo.png,76eOWOk.png
April,Hyunjoo,1998-02-05,gen3,South Korea,April Hyunjoo,https://static.wikia.nocookie.net/kpop/images/8/83/Lee_Hyunjoo_DSP_Media_profile_photo.png,CLyOCbx.png
Red Velvet,Irene,1991-03-29,gen3,South Korea,Red Velvet Irene,https://static.wikia.nocookie.net/kpop/images/d/d4/Red_Velvet_Irene_%26_Seulgi_Monster_concept_photo.png,pjUI8gZ.jpeg
Momoland,Jane,1997-12-20,gen3,South Korea,Momoland Jane,https://static.wikia.nocookie.net/kpop/images/8/8f/MOMOLAND_Jane_Yummy_Yummy_Love_concept_photo.png,c4Abx8D.jpeg
Blackpink,Jennie,1996-01-16,gen3,South Korea,Blackpink Jennie,https://static.wikia.nocookie.net/kpop/images/e/e4/BLACKPINK_Jennie_%27Born_Pink%27_concept_photo_1.png,oRi9ZfP.jpeg
Dia,Jenny,1996-09-14,gen3,South Korea,Dia Jenny,https://static.wikia.nocookie.net/kpop/images/2/2e/Lee_So_Yul_Moment_Global_profile_photo.png,6uCDTP1.jpeg
Twice,Jeongyeon,1996-11-01,gen3,South Korea,Twice Jeongyeon,https://static.wikia.nocookie.net/kpop/images/2/2a/TWICE_Jeongyeon_Ready_To_Be_concept_photo_1.png,n1MFrpZ.jpeg
Dreamcatcher,JiU,1994-05-17,gen3,South Korea,Dreamcatcher JiU,https://static.wikia.nocookie.net/kpop/images/0/01/Dreamcatcher_JiU_Apocalypse_Follow_Us_teaser_photo_%281%29.png,wuf8iAj.jpeg
Oh My Girl,Jiho,1997-04-04,gen3,South Korea,Oh My Girl Jiho,https://static.wikia.nocookie.net/kpop/images/e/ef/Gong_Jiho_P%26Studio_profile_picture_1.png,0vVJewB.png
Twice,Jihyo,1997-02-01,gen3,South Korea,Twice Jihyo,https://static.wikia.nocookie.net/kpop/images/9/9a/TWICE_Jihyo_Ready_To_Be_concept_photo_1.png,R744YmB.jpeg
Lovelyz,Jin,1996-06-12,gen3,South Korea,Lovelyz Jin,https://static.wikia.nocookie.net/kpop/images/1/19/Jin_2022_profile_photo.png,MjnB8Ot.jpeg
Oh My Girl,JinE,1995-01-22,gen3,South Korea,Oh My Girl JinE,https://static.wikia.nocookie.net/kpop/images/6/6a/OH_MY_GIRL_JinE_A-ing_photo.png,TSdPLQU.jpeg
April,Jinsol,2001-12-04,gen3,South Korea,April Jinsol,https://static.wikia.nocookie.net/kpop/images/7/73/Lee_Jin_Sol_2022_profile_photo_%281%29.png,rGtmHUL.jpeg
Laboum,Jinye,1994-06-09,gen3,South Korea,Laboum Jinye,https://static.wikia.nocookie.net/kpop/images/8/88/LABOUM_Jinyea_Blossom_concept_photo.png,Oxl5XAy.jpeg
Blackpink,Jisoo,1995-02-03,gen3,South Korea,Blackpink Jisoo,https://static.wikia.nocookie.net/kpop/images/9/9f/BLACKPINK_Jisoo_%22Flower%22_title_poster.png,eVViRoz.jpeg
Busters,Jisoo,2003-11-22,gen3,South Korea,Busters Jisoo,https://static.wikia.nocookie.net/kpop/images/8/83/Jeong_Jisoo_Profile_Photo_2022_%282%29.png,feiCXXG.png
Lovelyz,Jisoo,1994-02-11,gen3,South Korea,Lovelyz Jisoo,https://static.wikia.nocookie.net/kpop/images/e/ea/Seo_Ji_Soo_MYSTIC_Story_profile_photo.png,TaZnCBd.png
KARD,Jiwoo,1996-10-04,gen3,South Korea,KARD Jiwoo,https://static.wikia.nocookie.net/kpop/images/4/49/KARD_Jiwoo_Re_concept_photo_1.png,5tG01k3.jpeg
Momoland,Joo E,1999-08-18,gen3,South Korea,Momoland Joo E,https://static.wikia.nocookie.net/kpop/images/a/a8/MOMOLAND_JooE_Yummy_Yummy_Love_concept_photo.png,oUW6DCU.jpeg
Red Velvet,Joy,1996-09-03,gen3,South Korea,Red Velvet Joy,https://static.wikia.nocookie.net/kpop/images/9/95/Red_Velvet_Joy_2022_Winter_SMTOWN_SMCU_Palace_concept_photo_1.png,Cnht1zT.jpeg
Dia,Jueun,1995-07-07,gen3,South Korea,Dia Jueun,https://static.wikia.nocookie.net/kpop/images/1/10/DIA_Jueun_Flower_4_Seasons_concept_photo.png,ncYfGGU.jpeg
Alice,Karin,2002-01-05,gen3,South Korea,Alice Karin,https://static.wikia.nocookie.net/kpop/images/c/c4/ALICE_Karin_Dance_On_concept_photo_02.png,6wA6ahq.jpeg
Lovelyz,Kei,1995-03-20,gen3,South Korea,Lovelyz Kei,https://static.wikia.nocookie.net/kpop/images/2/2e/Kei_profile_photo_%284%29.png,0dpd0Sc.png
Sonamoo,Kim Dohee,1996-12-21,gen3,South Korea,Sonamoo Kim Dohee,https://static.wikia.nocookie.net/kpop/images/c/cc/Kim_Do_Hee_We%27re_Done_photo_teaser_%286%29.png,8BxW2I1.jpeg
Pristin,Kyla,2001-12-26,gen3,United States,Pristin Kyla,https://static.wikia.nocookie.net/kpop/images/1/19/Kyla_Pristin_Schxxl_Out_In_Ver.png,A00uB8p.jpeg
Pristin,Kyulkyung,1998-12-16,gen3,China,Pristin Kyulkyung,https://static.wikia.nocookie.net/kpop/images/4/4e/Zhou_Jie_Qiong_Why_promo_photo_1.png,H4Hz5VK.png
Akmu,Lee Suhyun,1999-05-04,gen3,South Korea,Akmu Lee Suhyun,https://static.wikia.nocookie.net/kpop/images/a/a9/AKMU_Lee_Su_Hyun_Next_Episode_promotional_photo_%282%29.png,YRy5K03.jpeg
Lovelyz,Lee Sujeong,1992-07-06,gen3,South Korea,Lovelyz Lee Sujeong,https://static.wikia.nocookie.net/kpop/images/d/d5/Lee_Su_Jeong_My_Name_teaser_photo_2.png,Euc9c5T.jpeg
Blackpink,Lisa,1997-03-27,gen3,Thailand,Blackpink Lisa,https://static.wikia.nocookie.net/kpop/images/7/76/BLACKPINK_Lisa_Born_Pink_concept_poster.png,gTMe2BZ.jpeg
Weki Meki,Lua,2000-10-06,gen3,South Korea,Weki Meki Lua,https://static.wikia.nocookie.net/kpop/images/b/b8/Weki_Meki_Lua_2022_Profile_Photo.png,AAIefLr.jpeg
Weki Meki,Lucy,2002-08-31,gen3,South Korea,Weki Meki Lucy,https://static.wikia.nocookie.net/kpop/images/9/93/Weki_Meki_Lucy_2022_Profile_Photo.png,qVBzkZB.jpeg
WJSN,Luda,1997-03-06,gen3,South Korea,WJSN Luda,https://static.wikia.nocookie.net/kpop/images/b/b4/WJSN_Luda_WJSN_2023_Season%27s_Greetings_The_Mood_teaser_01.png,sNHeJoK.jpeg
WJSN,Meiqi,1998-10-15,gen3,China,WJSN Meiqi,https://static.wikia.nocookie.net/kpop/images/f/fa/Meng_Mei_Qi_MUTE_From_Love_Not_Love_EP_Teaser_1.png,XnMFo7C.jpeg
Lovelyz,Mijoo,1994-09-23,gen3,South Korea,Lovelyz Mijoo,https://static.wikia.nocookie.net/kpop/images/2/2b/Lee_Mi_Joo_Antenna_profile_photo_4.png,GO76GvH.jpeg
Gugudan,Mimi,1993-01-01,gen3,South Korea,Gugudan Mimi,https://static.wikia.nocookie.net/kpop/images/c/c6/Mimi_Overcome_promo_photo.png,n4nSp5k.png
Oh My Girl,Mimi,1995-05-01,gen3,South Korea,Oh My Girl Mimi,https://static.wikia.nocookie.net/kpop/images/d/de/OH_MY_GIRL_Mimi_Real_Love_Fruity_Photography_I_concept_photo_%282%29.png,GNk3VxJ.jpeg
Gugudan,Mina,1999-12-04,gen3,South Korea,Gugudan Mina,https://static.wikia.nocookie.net/kpop/images/e/e7/Mina_Jellyfish_Entertainment_profile_photo_2.png,7o0H9Nr.jpeg
Twice,Mina,1997-03-24,gen3,Japan,Twice Mina,https://static.wikia.nocookie.net/kpop/images/f/f9/TWICE_Mina_Ready_To_Be_concept_photo_1.png,0dMaUgi.jpeg
Sonamoo,Minjae,1994-12-18,gen3,South Korea,Sonamoo Minjae,https://static.wikia.nocookie.net/kpop/images/5/5e/Seong_Minjae_Palette_Entertainment_profile_photo_1.png,gfHBHrx.jpeg
Busters,Minji,2001-01-16,gen3,South Korea,Busters Minji,https://static.wikia.nocookie.net/kpop/images/1/1e/Busters_Minji_Tropical_Romance_concept_photo_3.png,7edXXtP.jpeg
Busters,Minjung,2004-07-15,gen3,South Korea,Busters Minjung,https://static.wikia.nocookie.net/kpop/images/b/b3/Cha_Minjung_Profile_Photo_2021.png,qA8QcCK.png
Pristin,Minkyeung,1997-07-29,gen3,South Korea,Pristin Minkyeung,https://static.wikia.nocookie.net/kpop/images/5/5d/Kim_Min_Kyeung_KPLUS_profile_photo_1.png,y3wT8vP.jpeg
Twice,Momo,1996-11-09,gen3,Japan,Twice Momo,https://static.wikia.nocookie.net/kpop/images/b/b9/TWICE_Momo_Ready_To_Be_concept_photo_1.png,L08Fqco.jpeg
Mamamoo,Moonbyul,1992-12-22,gen3,South Korea,Mamamoo Moonbyul,https://static.wikia.nocookie.net/kpop/images/b/bb/MAMAMOO%2B_Moon_Byul_Chico_Malo_concept_photo_1.png,fUTjQlS.jpeg
April,Naeun,1999-05-05,gen3,South Korea,April Naeun,https://static.wikia.nocookie.net/kpop/images/d/dc/Lee_Na_Eun_Namoo_Actors_Profile_photo_2022.png,Jix84A3.png
Sonamoo,Nahyun,1995-12-09,gen3,South Korea,Sonamoo Nahyun,https://static.wikia.nocookie.net/kpop/images/3/31/Na_Hyun_IMH_Entertainment_profile_photo.png,b9hrARV.png
Momoland,Nancy,2000-04-13,gen3,South Korea,Momoland Nancy,https://static.wikia.nocookie.net/kpop/images/0/0b/MOMOLAND_Nancy_Yummy_Yummy_Love_concept_photo.png,Q91XfYi.jpeg
Twice,Nayeon,1995-09-22,gen3,South Korea,Twice Nayeon,https://static.wikia.nocookie.net/kpop/images/1/13/TWICE_Nayeon_Ready_To_Be_concept_photo_1.png,rMTKhtO.jpeg
Gugudan,Nayoung,1996-11-23,gen3,South Korea,Gugudan Nayoung,https://static.wikia.nocookie.net/kpop/images/3/3f/Gugudan_Nayoung_Act5_New_Action_promo_photo_%283%29.png,VfTZREV.png
Pristin,Nayoung,1995-12-18,gen3,South Korea,Pristin Nayoung,https://static.wikia.nocookie.net/kpop/images/0/0b/TEAPARTY_Hyunji_concept_photo.png,Z1yUB5o.jpeg
Momoland,Nayun,1998-07-31,gen3,South Korea,Momoland Nayun,https://static.wikia.nocookie.net/kpop/images/0/01/MOMOLAND_Nayun_Yummy_Yummy_Love_concept_photo.png,bYOICFA.jpeg
Sonamoo,New Sun,1997-06-19,gen3,South Korea,Sonamoo New Sun,https://static.wikia.nocookie.net/kpop/images/b/bd/SONAMOO_New_Sun_Happy_Box_Part.2_concept_photo_%281%29.png,QbSOXTl.jpeg
CLC,Oh Seunghee,1995-10-10,gen3,South Korea,CLC Oh Seunghee,https://static.wikia.nocookie.net/kpop/images/6/6c/CLC_Seunghee_Helicopter_concept_photo_3.png,xaWD832.jpeg
soloist,Punch,1993-02-19,gen3,South Korea,soloist Punch,https://static.wikia.nocookie.net/kpop/images/b/b5/Punch_We%27re_Breaking_Up_promo_photo_%281%29.png,UPzn0lC.jpeg
April,Rachel,2000-08-28,gen3,South Korea,April Rachel,https://static.wikia.nocookie.net/kpop/images/8/80/APRIL_Rachel_Hello_Summer_concept_photo_%281%29.png,xhHVsT7.jpeg
Ladies' code,RiSe,1991-08-16,gen3,Japan,Ladies' code RiSe,https://static.wikia.nocookie.net/kpop/images/5/5a/Ladies_Code_RiSe_Kiss_Kiss_promo_photo.png,hskde0N.jpeg
Weki Meki,Rina,2001-09-27,gen3,South Korea,Weki Meki Rina,https://static.wikia.nocookie.net/kpop/images/1/1d/Weki_Meki_Rina_2022_Profile_Photo.png,KfrW86f.jpeg
Blackpink,Rosé,1997-02-11,gen3,South Korea,Blackpink Rosé,https://static.wikia.nocookie.net/kpop/images/1/15/BLACKPINK_Ros%C3%A9_Born_Pink_concept_poster.png,P0NEqEM.jpeg
Soloist,Rothy,1999-05-06,gen3,South Korea,Soloist Rothy,PH,PH
Lovelyz,Ryu Sujeong,1997-11-19,gen3,South Korea,Lovelyz Ryu Sujeong,https://static.wikia.nocookie.net/kpop/images/1/1f/Ryu_Sujeong_Pink_Moon_concept_photo_3.png,Ivby2Av.png
Gugudan,Sally,1996-10-23,gen3,China,Gugudan Sally,https://static.wikia.nocookie.net/kpop/images/8/86/Gugudan_Sally_Produce_Camp_profile_photo.png,RN7np0k.jpeg
Twice,Sana,1996-12-29,gen3,Japan,Twice Sana,https://static.wikia.nocookie.net/kpop/images/4/4e/TWICE_Sana_Ready_To_Be_concept_photo_1.png,q9KXu3Q.jpeg
Weki Meki,Sei,2000-01-07,gen3,South Korea,Weki Meki Sei,https://static.wikia.nocookie.net/kpop/images/9/94/Weki_Meki_Sei_2022_Profile_Photo.png,jSqz3aa.jpeg
Busters,Seira,2004-01-27,gen3,Japan,Busters Seira,https://static.wikia.nocookie.net/kpop/images/9/91/Busters_Seira_Tropical_Romance_concept_photo_3.png,31YFjob.jpeg
Gugudan,Sejeong,1996-08-28,gen3,South Korea,Gugudan Sejeong,https://static.wikia.nocookie.net/kpop/images/2/2c/Sejeong_I%27m_official_photo_1.png,c8lddJe.jpeg
WJSN,Seola,1994-12-24,gen3,South Korea,WJSN Seola,https://static.wikia.nocookie.net/kpop/images/9/93/WJSN_Seola_WJSN_2023_Season%27s_Greetings_The_Mood_teaser_01.png/,orAL7JJ.jpeg
Red Velvet,Seulgi,1994-02-10,gen3,South Korea,Red Velvet Seulgi,https://static.wikia.nocookie.net/kpop/images/4/46/GOT_the_beat_Seulgi_Stamp_On_It_concept_photo_2.png,W06kTIF.jpeg
Oh My Girl,Seunghee,1996-01-25,gen3,South Korea,Oh My Girl Seunghee,https://static.wikia.nocookie.net/kpop/images/c/c8/OH_MY_GIRL_Seunghee_Real_Love_Fruity_Photography_I_concept_photo_%281%29.png,Q50ROdm.jpeg
CLC,Seungyeon,1996-11-06,gen3,South Korea,CLC Seungyeon,https://static.wikia.nocookie.net/kpop/images/6/61/Seungyeon_Wild_Entertainment_Group_profile_photo.png,Jed8028.jpeg
GFriend,SinB,1998-06-03,gen3,South Korea,GFriend SinB,https://static.wikia.nocookie.net/kpop/images/3/36/VIVIZ_SinB_Various_concept_photo_1.png,kifYGgw.jpeg
Dreamcatcher,Siyeon,1995-10-01,gen3,South Korea,Dreamcatcher Siyeon,https://static.wikia.nocookie.net/kpop/images/6/68/Dreamcatcher_Siyeon_Apocalypse_Follow_Us_teaser_photo_%281%29.png,TBBq4WL.jpeg
Alice,Sohee,1999-12-31,gen3,South Korea,Alice Sohee,https://static.wikia.nocookie.net/kpop/images/5/56/ALICE_Sohee_Yoyo_teaser_photo.png,dneO14e.jpeg
I.O.I,Sohye,1999-07-19,gen3,South Korea,I.O.I Sohye,https://static.wikia.nocookie.net/kpop/images/f/fc/Kim_So_Hye_2020_profile_photo.png,231Gyzs.png
Ladies' code,Sojung,1993-09-03,gen3,South Korea,Ladies' code Sojung,https://static.wikia.nocookie.net/kpop/images/7/75/Lee_Sojung_Hello_promo_photo_%281%29.png,q38dheA.jpeg
Mamamoo,Solar,1991-02-21,gen3,South Korea,Mamamoo Solar,https://static.wikia.nocookie.net/kpop/images/2/29/MAMAMOO%2B_Solar_Chico_Malo_concept_photo_1.png,U8TvcPF.jpeg
Laboum,Solbin,1997-08-19,gen3,South Korea,Laboum Solbin,https://static.wikia.nocookie.net/kpop/images/6/6c/LABOUM_Solbin_Blossom_concept_photo.png,qwnO8JO.jpeg
I.O.I,Somi,2001-03-09,gen3,South Korea,I.O.I Somi,https://static.wikia.nocookie.net/kpop/images/c/ce/Somi_XOXO_concept_photo_1.png,gH5W882.jpeg
KARD,Somin,1996-08-22,gen3,South Korea,KARD Somin,https://static.wikia.nocookie.net/kpop/images/4/4b/KARD_Somin_Re_concept_photo_1.png,D4NphCi.jpeg
Dia,Somyi,2000-01-26,gen3,South Korea,Dia Somyi,https://static.wikia.nocookie.net/kpop/images/3/3b/DIA_Somyi_Newtro_concept_photo_%281%29.png,JuL4LPs.jpeg
WJSN,Soobin,1996-09-14,gen3,South Korea,WJSN Soobin,https://static.wikia.nocookie.net/kpop/images/2/27/WJSN_Soobin_WJSN_2023_Season%27s_Greetings_The_Mood_teaser_01.png,BQwv9Tz.jpeg
CLC,Sorn,1996-11-18,gen3,Thailand,CLC Sorn,https://static.wikia.nocookie.net/kpop/images/8/80/Sorn_Not_A_Friend_promo_photo.png,eSEm3uN.jpeg
GFriend,Sowon,1995-12-07,gen3,South Korea,GFriend Sowon,https://static.wikia.nocookie.net/kpop/images/0/04/Kim_Sowon_OUI_Entertainment_profile_photo_%281%29.png,oDV5H6X.jpeg
Gugudan,Soyee,1996-11-21,gen3,South Korea,Gugudan Soyee,https://static.wikia.nocookie.net/kpop/images/b/b7/Gugudan_Soyee_Act5_New_Action_promo_photo_%283%29.png,DGoidGt.jpeg
Laboum,Soyeon,1994-05-04,gen3,South Korea,Laboum Soyeon,https://static.wikia.nocookie.net/kpop/images/6/65/WSG_Wannabe_Gaya-G_Soyeon_1st_Album_promotional_photo.png,Om7AJq7.jpeg
Dreamcatcher,SuA,1994-08-10,gen3,South Korea,Dreamcatcher SuA,https://static.wikia.nocookie.net/kpop/images/b/b4/Dreamcatcher_SuA_Apocalypse_Follow_Us_teaser_photo_%281%29.png,ST8JIWU.jpeg
Sonamoo,Sumin,1994-03-03,gen3,South Korea,Sonamoo Sumin,https://static.wikia.nocookie.net/kpop/images/c/c7/SONAMOO_Su_Min_Happy_Box_Part.2_concept_photo_%281%29.png,a74zhuJ.jpeg
Pristin,Sungyeon,1999-05-25,gen3,United States,Pristin Sungyeon,https://static.wikia.nocookie.net/kpop/images/5/51/Sungyeon_Pristin_Schxxl_Out_In_Ver.png,E46v8Xi.jpeg
Weki Meki,Suyeon,1997-04-20,gen3,South Korea,Weki Meki Suyeon,https://static.wikia.nocookie.net/kpop/images/8/83/Ji_Suyeon_Artistock_Game_profile_photo.png,ADBEexx.jpeg
Momoland,Taeha,1998-06-03,gen3,South Korea,Momoland Taeha,https://static.wikia.nocookie.net/kpop/images/b/b0/MOMOLAND_Taeha_Fun_To_The_World_promo_photo.png,QUbhYcj.png
Twice,Tzuyu,1999-06-14,gen3,Taiwan,Twice Tzuyu,https://static.wikia.nocookie.net/kpop/images/f/f1/TWICE_Tzuyu_Ready_To_Be_concept_photo_1.png,WAvCrsx.jpeg
GFriend,Umji,1998-08-19,gen3,South Korea,GFriend Umji,https://static.wikia.nocookie.net/kpop/images/b/b1/VIVIZ_Umji_Various_concept_photo_1.png,wrPp8Cy.jpeg
Red Velvet,Wendy,1994-02-21,gen3,South Korea,Red Velvet Wendy,https://static.wikia.nocookie.net/kpop/images/a/a0/GOT_the_beat_Wendy_Stamp_On_It_concept_photo_4.png,WH9rr6x.jpeg
Mamamoo,WheeIn,1995-04-17,gen3,South Korea,Mamamoo WheeIn,https://static.wikia.nocookie.net/kpop/images/7/71/MAMAMOO_Whee_In_2023_Season%27s_Greetings_MOOMOO%27S_DONUTS_teaser_02.png,c3mIzuY.jpeg
Pristin,Xiyeon,2000-11-14,gen3,South Korea,Pristin Xiyeon,https://static.wikia.nocookie.net/kpop/images/d/d4/Park_Xiyeon_Sooyeongang_Entertainment_profile_photo_4.png,PXSay1q.jpeg
WJSN,Xuanyi,1995-01-26,gen3,China,WJSN Xuanyi,https://static.wikia.nocookie.net/kpop/images/c/c6/Betty_Wu_Gift_concept_photo_1.png,mBe70T7.jpeg
Pristin,Yaebin,1998-10-19,gen3,South Korea,Pristin Yaebin,https://static.wikia.nocookie.net/kpop/images/a/ad/HINAPIA_Yaebin_New_Start_concept_photo.png,SILiqqU.jpeg
Dia,Yebin,1997-07-13,gen3,South Korea,Dia Yebin,https://static.wikia.nocookie.net/kpop/images/c/ca/Yebin_Yes_I_Know_special_photo.png,TSGPRTC.jpeg
CLC,Yeeun,1998-08-10,gen3,South Korea,CLC Yeeun,https://static.wikia.nocookie.net/kpop/images/9/91/Yeeun_Superbell_Company_profile_photo_%281%29.png,5kHZibb.jpeg
Pristin,Yehana,1999-02-22,gen3,South Korea,Pristin Yehana,https://static.wikia.nocookie.net/kpop/images/8/89/Yehana_Pristin_Schxxl_Out_In_Ver.png,BNW3taY.jpeg
Lovelyz,Yein,1998-06-04,gen3,South Korea,Lovelyz Yein,https://static.wikia.nocookie.net/kpop/images/f/ff/Yein_Bus_concept_photo_2.png,0eNJcPU.jpeg
April,Yena,2000-05-22,gen3,South Korea,April Yena,https://static.wikia.nocookie.net/kpop/images/9/9e/APRIL_Hello_Summer_Yena_concept_photo_%281%29.png,m5fVbg3.png
Alice,Yeonjae,1999-10-15,gen3,South Korea,Alice Yeonjae,https://static.wikia.nocookie.net/kpop/images/a/aa/ALICE_Yeonje_Dance_On_concept_photo_02.png,10ZPchD.jpeg
WJSN,Yeonjung,1999-08-03,gen3,South Korea,WJSN Yeonjung,https://static.wikia.nocookie.net/kpop/images/d/d8/WJSN_Yeonjung_WJSN_2023_Season%27s_Greetings_The_Mood_teaser_01.png,ignvRnZ.jpeg
Momoland,Yeonwoo,1996-08-01,gen3,South Korea,Momoland Yeonwoo,https://static.wikia.nocookie.net/kpop/images/a/a3/Yeonwoo_9ato_Entertainment_profile_photo.png,7Ttl95b.png
WJSN,Yeoreum,1999-01-10,gen3,South Korea,WJSN Yeoreum,https://static.wikia.nocookie.net/kpop/images/8/83/WJSN_Yeoreum_WJSN_2023_Season%27s_Greetings_The_Mood_teaser_01.png,Jl9w5bL.jpeg
Red Velvet,Yeri,1999-03-05,gen3,South Korea,Red Velvet Yeri,https://static.wikia.nocookie.net/kpop/images/6/67/Red_Velvet_Yeri_2022_Winter_SMTOWN_SMCU_Palace_concept_photo_1.png,MPGNtBJ.jpeg
GFriend,Yerin,1996-08-19,gen3,South Korea,GFriend Yerin,https://static.wikia.nocookie.net/kpop/images/9/95/Yerin_Sublime_Artist_Agency_profile_photo_%282023%29_%281%29.png,s9eLWMA.jpeg
Lovelyz,Yoo Jiae,1993-05-21,gen3,South Korea,Lovelyz Yoo Jiae,https://static.wikia.nocookie.net/kpop/images/9/9f/Yoo_Ji_Ae_KPLUS_profile_photo.png,xQrdeua.jpeg
Oh My Girl,Yooa,1995-09-17,gen3,South Korea,Oh My Girl Yooa,https://static.wikia.nocookie.net/kpop/images/4/4b/YooA_Selfish_concept_photo_2.png,1o1qhJJ.jpeg
Dreamcatcher,Yoohyeon,1997-01-07,gen3,South Korea,Dreamcatcher Yoohyeon,https://static.wikia.nocookie.net/kpop/images/8/87/Dreamcatcher_Yoohyeon_Apocalypse_Follow_Us_teaser_photo_%281%29.png,9xEwr19.jpeg
I.O.I,Yoojung,1999-11-12,gen3,South Korea,I.O.I Yoojung,https://static.wikia.nocookie.net/kpop/images/7/73/Choi_Yoojung_Sunflower_concept_photo_1.png,hijXCo5.jpeg
Oh My Girl,Yubin,1997-09-09,gen3,South Korea,Oh My Girl Yubin,https://static.wikia.nocookie.net/kpop/images/a/ae/OH_MY_GIRL_Yubin_Real_Love_Fruity_Photography_I_concept_photo_%282%29.png,CEsnUUc.jpeg
Laboum,Yujeong,1992-02-14,gen3,South Korea,Laboum Yujeong,https://static.wikia.nocookie.net/kpop/images/e/e1/LABOUM_Yujeong_Two_Of_Us_promo_photo.png,1iaSdoc.jpeg
GFriend,Yuju,1997-10-04,gen3,South Korea,GFriend Yuju,https://static.wikia.nocookie.net/kpop/images/1/10/Yuju_O_concept_photo_03.png,FPWfUtk.jpeg
Alice,Yukyung,1999-11-05,gen3,South Korea,Alice Yukyung,https://static.wikia.nocookie.net/kpop/images/8/8b/ALICE_Yukyung_Dance_On_concept_photo_%282%29.png,iVNPZCO.jpeg
Laboum,Yulhee,1997-11-27,gen3,South Korea,Laboum Yulhee,https://static.wikia.nocookie.net/kpop/images/d/da/LABOUM_Yulhee_Summer_Special_promo_photo.png,inQag92.jpeg
Ladies' code,Zuny,1994-12-08,gen3,South Korea,Ladies' code Zuny,https://static.wikia.nocookie.net/kpop/images/9/92/LADIES%27_CODE_Zuny_Code_03_Set_Me_Free_concept_photo_%281%29.png,PpoMDel.png
Everglow,Aisha,2000-06-21,gen 4,South Korea,Everglow Aisha,https://static.wikia.nocookie.net/kpop/images/5/5e/EVERGLOW_Aisha_Return_of_the_Girl_concept_photo_1.png,rJa57AJ.jpeg
GWSN,Anne,2000-10-17,gen 4,South Korea,GWSN Anne,https://static.wikia.nocookie.net/kpop/images/b/b0/GWSN_Anne_The_Other_Side_of_the_Moon_concept_photo_1.png,qqoSuW0.jpeg
ILY:1,Ara,2002-01-23,gen 4,South Korea,ILY:1 Ara,https://static.wikia.nocookie.net/kpop/images/3/37/ILY1_Ara_A_Dream_Of_ILY1_concept_photo_01.png,wdFISWA.png
Nature,Aurora,1997-01-14,gen 4,China,Nature Aurora,https://static.wikia.nocookie.net/kpop/images/f/f3/NATURE_Aurora_nature_world_code_W_concept_photo.png,yDQiKNB.jpeg
Nmixx,Bae,2004-12-28,gen 4,South Korea,Nmixx Bae,https://static.wikia.nocookie.net/kpop/images/b/b2/NMIXX_Bae_Exp%C3%A9rgo_concept_photo_8.png,4v7fawb.jpeg
NeonPunch,Baekah,1999-10-24,gen 4,South Korea,NeonPunch Baekah,PH,PH
Cignature,Belle,2001-11-03,gen 4,South Korea,Cignature Belle,PH,PH
KISS OF LIFE,Belle,2004-03-20,gen 4,South Korea,KISS OF LIFE Belle,PH,PH
soloist,BIBI,1998-09-27,gen 4,Hong Kong,soloist BIBI,https://static.wikia.nocookie.net/kpop/images/8/8b/BIBI_Motospeed_24_promo_photo_1.png,MZYVjcB.jpeg
DreamNote,Boni,1999-10-30,gen 4,South Korea,DreamNote Boni,https://static.wikia.nocookie.net/kpop/images/6/64/DreamNote_Boni_Night_%28Winter_Ver.%29_concept_photo_%282%29.png,8JLrlbY.jpeg
Cherry Bullet,Bora,1999-03-03,gen 4,South Korea,Cherry Bullet Bora,https://static.wikia.nocookie.net/kpop/images/7/7b/Cherry_Bullet_Bo_Ra_Cherry_Dash_concept_photo_1.png,7daGrAp.jpeg
Nature,Chaebin,1999-07-28,gen 4,South Korea,Nature Chaebin,https://static.wikia.nocookie.net/kpop/images/7/7c/NATURE_Chaebin_nature_world_code_W_concept_photo.png,sSUNygK.png
Kep1er,Chaehyun,2002-04-26,gen 4,South Korea,Kep1er Chaehyun,https://static.wikia.nocookie.net/kpop/images/4/46/Kep1er_Chaehyun_Fly-By_concept_photo_%281%29.png,3iFkhIT.jpeg
Cherry Bullet,Chaerin,2002-03-13,gen 4,South Korea,Cherry Bullet Chaerin,https://static.wikia.nocookie.net/kpop/images/8/80/Cherry_Bullet_Chae_Rin_Cherry_Dash_concept_photo_1.png,x4kf1Ze.jpeg
ITZY,Chaeryeong,2001-06-05,gen 4,South Korea,ITZY Chaeryeong,https://static.wikia.nocookie.net/kpop/images/a/a3/ITZY_Chaeryeong_Cheshire_concept_photo_1.png,ktFMVRd.jpeg
Cignature,Chaesol,1998-07-14,gen 4,South Korea,Cignature Chaesol,PH,PH
CLASS:y,Chaewon,2003-06-04,gen 4,South Korea,CLASS:y Chaewon,https://static.wikia.nocookie.net/kpop/images/8/8b/CLASSy_Chaewon_Target_concept_photo.png,bBK9diE.png
LE SSERAFIM,Chaewon,2000-08-01,gen 4,South Korea,LE SSERAFIM Chaewon,https://static.wikia.nocookie.net/kpop/images/d/d6/LE_SSERAFIM_Kim_Chaewon_Fearless_Japanese_single_concept_photo_2.png,mkJfJiC.jpeg
Fromis 9,Chaeyoung,2000-05-14,gen 4,South Korea,Fromis 9 Chaeyoung,https://static.wikia.nocookie.net/kpop/images/4/46/Fromis_9_Lee_Chaeyoung_2023_Seasons_Greetings_Lady_Luck_1.png,fRgO8rH.jpeg
cignature,Chloe,2001-01-06,gen 4,South Korea,cignature Chloe,https://static.wikia.nocookie.net/kpop/images/4/49/Cignature_Chloe_My_Little_Aurora_concept_photo_1.png,UBDrA3z.jpeg
QWER,Chodan,1998-11-01,gen 4,South Korea,QWER Chodan,PH,PH
LOONA,Choerry,2001-06-04,gen 4,South Korea,LOONA Choerry,https://static.wikia.nocookie.net/kpop/images/b/bc/LOONA_Choerry_0_concept_photo_1.png,h4pgvzO.jpeg
mimiirose,Choi Yeonjae,2000-12-06,gen 4,South Korea,mimiirose Choi Yeonjae,https://static.wikia.nocookie.net/kpop/images/4/41/Mimiirose_Choi_Yeonjae_Awesome_concept_photo_%281%29.png,6VjYFLa.jpeg
Lightsum,Chowon,2002-09-16,gen 4,South Korea,Lightsum Chowon,https://static.wikia.nocookie.net/kpop/images/1/1d/LIGHTSUM_Chowon_2023_Season%27s_Greetings_The_Perfect_Vacation_teaser_01.png,fhK3oM8.jpeg
bugAboo,Choyeon,2001-08-01,gen 4,South Korea,bugAboo Choyeon,https://static.wikia.nocookie.net/kpop/images/6/63/BugAboo_Choyeon_Pop_concept_photo_%281%29.png,OFDqTuX.jpeg
LOONA,Chuu,1999-10-20,gen 4,South Korea,LOONA Chuu,https://static.wikia.nocookie.net/kpop/images/0/01/LOONA_Chuu_Flip_That_concept_photo_4.png,t8Jbyq1.jpeg
Soloist,Cocona,2001-?-?,gen 4,South Korea,Soloist Cocona,PH,PH
bugAboo,Cyan,2001-04-04,gen 4,South Korea,bugAboo Cyan,https://static.wikia.nocookie.net/kpop/images/2/2e/BugAboo_Cyan_Pop_concept_photo_%281%29.png,6XoXRLX.jpeg
Pixy,Dajeong,2003-07-31,gen 4,South Korea,Pixy Dajeong,https://static.wikia.nocookie.net/kpop/images/1/1c/PIXY_Dajeong_Karma_is_a_B_promo_photo.png,KaxognB.png
NewJeans,Danielle,2005-04-11,gen 4,South Korea,NewJeans Danielle,5zFpXcm,5zFpXcm.jpg
NeonPunch,Dayeon,1995-11-17,gen 4,South Korea,NeonPunch Dayeon,PH,PH
Kep1er,Dayeon,2003-03-02,gen 4,South Korea,Kep1er Dayeon,https://static.wikia.nocookie.net/kpop/images/7/74/Kep1er_Dayeon_Fly-By_concept_photo_%281%29.png,AL2O2Ru.jpeg
Secret Number,Denise,2001-01-11,gen 4,South Korea,Secret Number Denise,https://static.wikia.nocookie.net/kpop/images/5/55/SECRET_NUMBER_Denise_Got_That_Boom_promo_photo.png,KfSxnem.jpeg
Pixy,Dia,2001-07-16,gen 4,South Korea,Pixy Dia,https://static.wikia.nocookie.net/kpop/images/c/cb/PIXY_Dia_Karma_is_a_B_promo_photo.png,d8TzxWI.png
Secret Number,Dita,1996-12-25,gen 4,Indonesia,Secret Number Dita,https://static.wikia.nocookie.net/kpop/images/a/a1/Secret_Number_Like_It_Like_It_Dita_teaser_image.png,qGjdpqr.png
NeonPunch,Dohee,1999-09-24,gen 4,South Korea,NeonPunch Dohee,PH,PH
cignature,Dohee,2002-08-01,gen 4,South Korea,cignature Dohee,https://static.wikia.nocookie.net/kpop/images/9/99/Cignature_Do_Hee_My_Little_Aurora_concept_photo_1.png,GsC1rbA.jpeg
Purple Kiss,Dosie,2000-02-11,gen 4,South Korea,Purple Kiss Dosie,https://static.wikia.nocookie.net/kpop/images/8/88/Purple_Kiss_Cabin_Fever_Dosie_concept_photo_%281%29.png,v1Rk5HP.jpeg
Everglow,E:U,1998-05-18,gen 4,South Korea,Everglow E:U,https://static.wikia.nocookie.net/kpop/images/7/7b/EVERGLOW_EU_Return_of_the_Girl_concept_photo_2.png,JWAmY6N.jpeg
Cherry Bullet,Ella,1998-03-26,gen 4,South Korea,Cherry Bullet Ella,https://static.wikia.nocookie.net/kpop/images/6/6c/PIXY_Ella_Call_Me_concept_photo.png,8DcEdmC.jpeg
ILY:1,Elva,2003-05-05,gen 4,South Korea,ILY:1 Elva,https://static.wikia.nocookie.net/kpop/images/4/45/ILY1_Elva_A_Dream_Of_ILY1_concept_photo_01.png,yKnI76g.png
bugAboo,Eunchae,1999-10-06,gen 4,South Korea,bugAboo Eunchae,https://static.wikia.nocookie.net/kpop/images/8/8d/BugAboo_Eunchae_Pop_concept_photo_%281%29.png,tdR8pe2.jpeg
DreamNote,Eunjo,2002-03-07,gen 4,South Korea,DreamNote Eunjo,https://static.wikia.nocookie.net/kpop/images/f/fd/DreamNote_Eunjo_Night_%28Winter_Ver.%29_concept_photo_%282%29.png,Q3ED4Vh.jpeg
IVE,Gaeul,2002-09-24,gen 4,South Korea,IVE Gaeul,https://static.wikia.nocookie.net/kpop/images/7/74/IVE_Gaeul_Love_Dive_Japanese_ver_teaser_photo.png,T8Z3Ygf.jpeg
Nature,Gaga,1999-09-01,gen 4,China,Nature Gaga,https://static.wikia.nocookie.net/kpop/images/1/1a/NAME_Li_Jiajia_%22Say_My_Name%22_concept_photo_%281%29.png,pO2yzmX.png
Aespa,Giselle,2000-10-30,gen 4,South Korea,Aespa Giselle,https://static.wikia.nocookie.net/kpop/images/2/22/Aespa_Giselle_aespa_Week_promotional_poster.png,MVMIuQo.jpeg
Purple Kiss,Goeun,1999-09-03,gen 4,South Korea,Purple Kiss Goeun,https://static.wikia.nocookie.net/kpop/images/c/c4/Purple_Kiss_Cabin_Fever_Goeun_concept_photo_%281%29.png,1sKutUg.jpeg
LOONA,Gowon,2000-11-19,gen 4,South Korea,LOONA Gowon,https://static.wikia.nocookie.net/kpop/images/7/73/LOONA_Go_Won_0_concept_photo_1.png,2yWdo3m.jpeg
Fromis 9,Gyuri,1997-12-27,gen 4,South Korea,Fromis 9 Gyuri,https://static.wikia.nocookie.net/kpop/images/f/f7/Jang_Gyuri_JUST_Entertainment_profile_photo_1.png,CmU2rZ4.jpeg
DreamNote,Habin,2002-03-10,gen 4,South Korea,DreamNote Habin,https://static.wikia.nocookie.net/kpop/images/d/d5/DreamNote_HaBin_Dream_us_concept_photo_%28Cheerful_ver.%29.png,pGo5cIi.jpeg
NewJeans,Haerin,2006-05-15,gen 4,South Korea,NewJeans Haerin,Ql6R9uT.png,Ql6R9uT.png
Nmixx,Haewon,2003-02-25,gen 4,South Korea,Nmixx Haewon,https://static.wikia.nocookie.net/kpop/images/c/c6/NMIXX_Haewon_Exp%C3%A9rgo_concept_photo_8.png,dG6TDai.jpeg
Cherry Bullet,Haeyoon,1996-01-10,gen 4,South Korea,Cherry Bullet Haeyoon,https://static.wikia.nocookie.net/kpop/images/2/2e/Cherry_Bullet_Hae_Yoon_Cherry_Dash_concept_photo_1.png,rfaEF7x.jpeg
mimiirose,Han Yewon,2003-02-07,gen 4,South Korea,mimiirose Han Yewon,https://static.wikia.nocookie.net/kpop/images/6/6a/Mimiirose_Han_Yewon_Awesome_concept_photo_%281%29.png,utoAJKi.jpeg
ILY:1,Hana,2000-02-27,gen 4,South Korea,ILY:1 Hana,https://static.wikia.nocookie.net/kpop/images/b/bc/ILY1_Hana_A_Dream_Of_ILY1_concept_photo_01.png,nBShYK6.png
DreamNote,Hanbyeol,2003-10-13,gen 4,South Korea,DreamNote Hanbyeol,https://static.wikia.nocookie.net/kpop/images/6/67/DreamNote_Hanbyeol_Dream_us_concept_photo_%28Cheerful_ver.%29.png,eVUb6VA.jpeg
KISS OF LIFE,Haneul,2005-05-25,gen 4,South Korea,KISS OF LIFE Haneul,PH,PH
NewJeans,Hanni,2004-10-06,gen 4,Australia,NewJeans Hanni,https://static.wikia.nocookie.net/kpop/images/4/4a/NewJeans_Hanni_OMG_concept_photo_%281%29.png,BAQpf6d.jpeg
Billlie,Haram,2001-01-13,gen 4,South Korea,Billlie Haram,https://static.wikia.nocookie.net/kpop/images/9/97/Billlie_Haram_The_Billage_of_Perception_Chapter_Three_concept_photo_2.png,ASjn2Cf.jpeg
Nature,Haru,2000-02-21,gen 4,Japan,Nature Haru,https://static.wikia.nocookie.net/kpop/images/7/73/NATURE_Haru_nature_world_code_W_concept_photo.png,S4zYLD6.jpeg
LOONA,Haseul,1997-08-18,gen 4,South Korea,LOONA Haseul,https://static.wikia.nocookie.net/kpop/images/a/a5/LOONA_HaSeul_0_concept_photo_1.png,jPpp2t2.jpeg
Fromis 9,Hayoung,1997-09-29,gen 4,South Korea,Fromis 9 Hayoung,https://static.wikia.nocookie.net/kpop/images/1/16/Fromis_9_Song_Hayoung_2023_Seasons_Greetings_Lady_Luck_1.png,j7D1QPu.jpeg
PRIMROSE,Hayun,2003-11-20,gen 4,South Korea,PRIMROSE Hayun,PH,PH
LOONA,Heejin,2000-10-19,gen 4,South Korea,LOONA Heejin,https://static.wikia.nocookie.net/kpop/images/3/3e/LOONA_HeeJin_0_concept_photo_1.png,WVsI25A.jpeg
Kep1er,Hikaru,2004-03-12,gen 4,Japan,Kep1er Hikaru,https://static.wikia.nocookie.net/kpop/images/2/22/Kep1er_Hikaru_Fly-By_concept_photo_%281%29.png,aL6LdXP.jpeg
Lightsum,Hina,2003-04-07,gen 4,Japan,Lightsum Hina,https://static.wikia.nocookie.net/kpop/images/0/0a/LIGHTSUM_Hina_2023_Season%27s_Greetings_The_Perfect_Vacation_teaser_01.png,j4uAXQq.jpeg
IZ*ONE,Hitomi,2001-10-06,gen 4,Japan,IZ*ONE Hitomi,https://static.wikia.nocookie.net/kpop/images/4/4c/Honda_Hitomi_AKB48_2022.png,dD1LwN0.png
Kep1er,Huening Bahiyyih,2004-07-27,gen 4,United States,Kep1er Huening Bahiyyih,https://static.wikia.nocookie.net/kpop/images/3/3a/Kep1er_Huening_Bahiyyih_Fly-By_concept_photo_%281%29.png,kIRtP4b.jpeg
H1-KEY,Hwiseo,2002-07-31,gen 4,South Korea,H1-KEY Hwiseo,https://static.wikia.nocookie.net/kpop/images/6/62/H1-KEY_Hwiseo_Rose_Blossom_concept_photo_1.png,iEvd4KG.jpeg
CLASS:y,Hyeju,2003-12-09,gen 4,South Korea,CLASS:y Hyeju,https://static.wikia.nocookie.net/kpop/images/e/ed/CLASSy_Hyeju_Target_concept_photo.png,AmEu3MQ.png
IZ*ONE,Hyewon,1999-07-05,gen 4,South Korea,IZ*ONE Hyewon,https://static.wikia.nocookie.net/kpop/images/1/1e/Kang_Hye_Won_2023_Season%27s_Greetings_Fleur_teaser_1.png,DN8c4L9.jpeg
Tri.be,Hyunbin,2004-05-26,gen 4,South Korea,Tri.be Hyunbin,https://static.wikia.nocookie.net/kpop/images/7/75/TRI.BE_W.A.Y_HyunBin_concept_photo_1.png,2mK5yFQ.png
LOONA,Hyunjin,2000-11-15,gen 4,South Korea,LOONA Hyunjin,https://static.wikia.nocookie.net/kpop/images/7/7f/LOONA_HyunJin_0_concept_photo_1.png,SoY7pdM.jpeg
NeonPunch,Iaan,2002-03-22,gen 4,South Korea,NeonPunch Iaan,PH,PH
mimiirose,Inn Hyori,2000-06-02,gen 4,South Korea,mimiirose Inn Hyori,https://static.wikia.nocookie.net/kpop/images/b/bc/Mimiirose_In_Hyori_Awesome_concept_photo_%281%29.png,Uds2YBK.jpeg
Purple Kiss,Ireh,2002-03-30,gen 4,South Korea,Purple Kiss Ireh,https://static.wikia.nocookie.net/kpop/images/9/9b/Purple_Kiss_Cabin_Fever_Ireh_concept_photo_%281%29.png,AyJEkUZ.jpeg
I'LL-IT,Iroha,2008-02-04,gen 4,South Korea,I'LL-IT Iroha,PH,PH
StayC,Isa,2002-01-23,gen 4,South Korea,StayC Isa,https://static.wikia.nocookie.net/kpop/images/f/fa/STAYC_Isa_Teddy_Bear_-Japanese_Ver.-_concept_photo.png,LyE3vcA.jpeg
StayC,J,2004-12-09,gen 4,South Korea,StayC J,https://static.wikia.nocookie.net/kpop/images/0/06/STAYC_J_Teddy_Bear_-Japanese_Ver.-_concept_photo.png,AOKfu2K.jpeg
Weeekly,Jaehee,2004-03-18,gen 4,South Korea,Weeekly Jaehee,https://static.wikia.nocookie.net/kpop/images/7/79/Weeekly_Lee_Jaehee_2023_Season%27s_Greetings_concept_photo_1.png,Kpwpbas.jpeg
Cignature,Jeewon,1999-04-1,gen 4,South Korea,Cignature Jeewon,PH,PH
(G)I-dle,Jeon Soyeon,1998-08-26,gen 4,South Korea,(G)I-dle Jeon Soyeon,https://static.wikia.nocookie.net/kpop/images/2/22/%28G%29I-DLE_Soyeon_2023_Season%27s_Greetings_Blooming_Day_teaser_01.png,y5TmZTG.jpeg
Purple Kiss,Jieun,1997-09-04,gen 4,South Korea,Purple Kiss Jieun,https://static.wikia.nocookie.net/kpop/images/3/33/PURPLE_KISS_Park_Ji_Eun_Geekyland_concept_photo_1.png,Ns3zyui.jpeg
Weeekly,Jihan,2004-07-12,gen 4,South Korea,Weeekly Jihan,https://static.wikia.nocookie.net/kpop/images/1/18/Weeekly_Jihan_2023_Season%27s_Greetings_concept_photo_1.png/,sIFY4Jw.jpeg
Fromis 9,Jiheon,2003-04-17,gen 4,South Korea,Fromis 9 Jiheon,https://static.wikia.nocookie.net/kpop/images/a/ab/Fromis_9_Baek_Jiheon_2023_Seasons_Greetings_Lady_Luck_1.png,M8fWt8Q.jpeg
Tri.be,Jinha,2003-11-21,gen 4,South Korea,Tri.be Jinha,https://static.wikia.nocookie.net/kpop/images/c/cb/TRI.BE_JinHa_The_Bha_Bha_Song_concept_photo_3.png,EvecQmc.jpeg
Nmixx,Jinni,2004-04-16,gen 4,South Korea,Nmixx Jinni,https://static.wikia.nocookie.net/kpop/images/c/cc/NMIXX_Jinni_Elle_Korea_December_2022.png,uFwhX3r.jpeg
Secret Number,Jinny,1998-01-20,gen 4,South Korea,Secret Number Jinny,https://static.wikia.nocookie.net/kpop/images/b/bf/Secret_Number_Like_It_Like_It_Jinny_teaser_image.png,wl3BDmb.png
LOONA,Jinsoul,1997-06-13,gen 4,South Korea,LOONA Jinsoul,https://static.wikia.nocookie.net/kpop/images/4/48/LOONA_JinSoul_0_concept_photo_1.png,mhYU3fx.jpeg
Soloist,Jiselle,1990-07-24,gen 4,South Korea,Soloist Jiselle,PH,PH
Fromis 9,Jisun,1998-11-23,gen 4,South Korea,Fromis 9 Jisun,https://static.wikia.nocookie.net/kpop/images/1/1e/Fromis_9_Roh_Jisun_2023_Seasons_Greetings_Lady_Luck_1.png,kNOLlTe.jpeg
Cherry Bullet,Jiwon,2000-09-04,gen 4,South Korea,Cherry Bullet Jiwon,https://static.wikia.nocookie.net/kpop/images/2/21/Cherry_Bullet_Ji_Won_Cherry_Dash_concept_photo_1.png,qQFXszP.jpeg
Fromis 9,Jiwon,1998-03-20,gen 4,South Korea,Fromis 9 Jiwon,https://static.wikia.nocookie.net/kpop/images/f/f0/Fromis_9_Park_Jiwon_2023_Seasons_Greetings_Lady_Luck_1.png,cBlQ9zV.jpeg
IZ*ONE,Jo Yuri,2001-10-22,gen 4,South Korea,IZ*ONE Jo Yuri,https://static.wikia.nocookie.net/kpop/images/6/63/Jo_Yuri_Op.22_Y-Waltz_in_Minor_concept_photo_5.png,yuA83rb.jpeg
Lightsum,Juhyeon,2001-04-08,gen 4,South Korea,Lightsum Juhyeon,https://static.wikia.nocookie.net/kpop/images/7/7d/LIGHTSUM_Juhyeon_2023_Season%27s_Greetings_The_Perfect_Vacation_teaser_01.png,V8ZVLu4.jpeg
KISS OF LIFE,Julie,2000-03-29,gen 4,South Korea,KISS OF LIFE Julie,PH,PH
Rocket Punch,Juri,1997-10-03,gen 4,Japan,Rocket Punch Juri,https://static.wikia.nocookie.net/kpop/images/f/f2/Rocket_Punch_Juri_Doki_Doki_Love_concept_photo.png,0UCxUoQ.jpeg
Aespa,Karina,2000-04-11,gen 4,South Korea,Aespa Karina,https://static.wikia.nocookie.net/kpop/images/a/ad/Aespa_Karina_aespa_Week_promotional_poster.png,D1Ap9wA.jpeg
LE SSERAFIM,Kazuha,2003-08-09,gen 4,Japan,LE SSERAFIM Kazuha,https://static.wikia.nocookie.net/kpop/images/2/20/LE_SSERAFIM_Kazuha_Fearless_Japanese_single_concept_photo_2.png,Wvk9PQY.jpeg
Tri.be,Kelly,2002-01-16,gen 4,Taiwan,Tri.be Kelly,https://static.wikia.nocookie.net/kpop/images/b/b5/TRI.BE_W.A.Y_Kelly_concept_photo_1.png,1tQY5TV.png
tripleS,Kim Chaeyeon,2004-12-04,gen 4,South Korea,tripleS Kim Chaeyeon,https://static.wikia.nocookie.net/kpop/images/3/31/TripleS_Kim_ChaeYeon_Assemble_concept_photo.png,gyhIW6r.jpeg
LOONA,Kim Lip,1999-02-10,gen 4,South Korea,LOONA Kim Lip,https://static.wikia.nocookie.net/kpop/images/a/a9/LOONA_Kim_Lip_0_concept_photo_1.png,DIgYviS.jpeg
tripleS,Kim Nakyoung,2002-10-13,gen 4,South Korea,tripleS Kim Nakyoung,https://static.wikia.nocookie.net/kpop/images/8/8a/TripleS_Kim_NakYoung_Assemble_concept_photo.png,SQe9B3t.jpeg
tripleS,Kim Yooyeon,2001-02-09,gen 4,South Korea,tripleS Kim Yooyeon,https://static.wikia.nocookie.net/kpop/images/a/a4/TripleS_Kim_Yooyeon_Assemble_concept_photo_%281%29.png,UzUIDb9.png
Cherry Bullet,Kokoro,2000-11-01,gen 4,Japan,Cherry Bullet Kokoro,https://static.wikia.nocookie.net/kpop/images/e/e5/Cherry_Bullet_Cherry_Dash_group_concept_photo_1.png,aNCymZr.jpeg
IZ*ONE,Kwon Eunbi,1995-09-27,gen 4,South Korea,IZ*ONE Kwon Eunbi,https://static.wikia.nocookie.net/kpop/images/a/ac/Kwon_Eun_Bi_Lethality_concept_photo_1.png,PTIHNWz.jpeg
DreamNote,Lara,2000-08-09,gen 4,South Korea,DreamNote Lara,https://static.wikia.nocookie.net/kpop/images/6/65/DreamNote_Lara_Night_%28Winter_Ver.%29_concept_photo_%282%29.png,vDtITvk.jpeg
IZ*ONE,Lee Chaeyeon,2000-01-11,gen 4,South Korea,IZ*ONE Lee Chaeyeon,https://static.wikia.nocookie.net/kpop/images/e/ec/Lee_Chae_Yeon_Hush_Rush_concept_photo_2.png,yj8ONrF.jpeg
Weeekly,Lee Soojin,2001-12-12,gen 4,South Korea,Weeekly Lee Soojin,https://static.wikia.nocookie.net/kpop/images/1/19/Weeekly_Lee_Soojin_2023_Season%27s_Greetings_concept_photo_1.png,BmxYS16.jpeg
GWSN,Lena,2000-04-17,gen 4,South Korea,GWSN Lena,https://static.wikia.nocookie.net/kpop/images/6/6f/GWSN_Lena_The_Other_Side_of_the_Moon_concept_photo_1.png,9wnEfOL.jpeg
ITZY,Lia,2000-07-21,gen 4,South Korea,ITZY Lia,https://static.wikia.nocookie.net/kpop/images/1/14/ITZY_Lia_Cheshire_concept_photo_%281%29.png,zZvLYqT.jpeg
Nmixx,Lily,2002-10-17,gen 4,Australia,Nmixx Lily,https://static.wikia.nocookie.net/kpop/images/0/07/NMIXX_Lily_Exp%C3%A9rgo_concept_photo_7.png,w2vB92S.jpeg
Cherry Bullet,Lin Lin,2003-07-05,gen 4,Taiwan,Cherry Bullet Lin Lin,https://static.wikia.nocookie.net/kpop/images/e/e6/Lin_Lin_Great_Dance_Crew_promo_photo.png,FqL9MWI.jpeg
IVE,Liz,2004-11-21,gen 4,South Korea,IVE Liz,https://static.wikia.nocookie.net/kpop/images/c/c6/IVE_Liz_Love_Dive_Japanese_ver_teaser_photo.png,zPiNlw6.jpeg
Nature,Loha,2001-12-27,gen 4,South Korea,Nature Loha,https://static.wikia.nocookie.net/kpop/images/0/0a/NATURE_Loha_nature_world_code_W_concept_photo.png,0bysoNG.png
Pixy,Lola,2001-02-22,gen 4,South Korea,Pixy Lola,https://static.wikia.nocookie.net/kpop/images/1/14/PIXY_Lola_Karma_is_a_B_promo_photo.png,KGgriYW.png
Nature,Lu,1997-12-03,gen 4,South Korea,Nature Lu,https://static.wikia.nocookie.net/kpop/images/5/57/NATURE_Lu_Rica_Rica_concept_photo_1.png,oRUu9Sd.jpeg
woo!ah!,Lucy,2004-04-09,gen 4,South Korea,woo!ah! Lucy,https://static.wikia.nocookie.net/kpop/images/a/ab/Wooah_Lucy_Pit_a_Pat_concept_photo_%281%29.png,MTcjlVy.jpeg
Secret Number,Léa,1995-08-12,gen 4,Japan,Secret Number Léa,https://static.wikia.nocookie.net/kpop/images/5/5b/Secret_Number_Like_It_Like_It_Lea_teaser_image.png,Rn9L1Ds.png
QWER,Magenta,1997-06-02,gen 4,South Korea,QWER Magenta,PH,PH
Kep1er,Mashiro,1999-12-16,gen 4,Japan,Kep1er Mashiro,https://static.wikia.nocookie.net/kpop/images/d/d5/Kep1er_Mashiro_Fly-By_concept_photo_%281%29.png,QiAFTGI.jpeg
NeonPunch,May,2001-07-27,gen 4,South Korea,NeonPunch May,PH,PH
Cherry Bullet,May,2004-11-16,gen 4,Japan,Cherry Bullet May,https://static.wikia.nocookie.net/kpop/images/e/e5/Cherry_Bullet_May_Cherry_Dash_concept_photo_1.png,ghR9CsQ.jpeg
LIMELIGHT,MiU,2003-01-09,gen 4,Japan,LIMELIGHT MiU,https://static.wikia.nocookie.net/kpop/images/9/96/LIMELIGHT_MiU_Love_%26_Happiness_concept_photo_2.png,t6qoDwF.jpeg
Everglow,Mia,2000-01-13,gen 4,South Korea,Everglow Mia,https://static.wikia.nocookie.net/kpop/images/9/91/EVERGLOW_Mia_Return_of_the_Girl_concept_photo_2.png,9D1XiU4.jpeg
NewJeans,Minji,2004-05-07,gen 4,South Korea,NewJeans Minji,https://static.wikia.nocookie.net/kpop/images/c/ca/NewJeans_Minji_OMG_concept_photo_%281%29.png,WlQor8p.jpeg
Secret Number,Minji,1999-03-31,gen 4,South Korea,Secret Number Minji,https://static.wikia.nocookie.net/kpop/images/f/f5/Secret_Number_Like_It_Like_It_Minji_teaser_image.png,xLx3UZd.png
GWSN,Minju,2001-03-11,gen 4,South Korea,GWSN Minju,https://static.wikia.nocookie.net/kpop/images/9/91/GWSN_Minju_The_Other_Side_of_the_Moon_concept_photo_1.png,Gh3eLd1.jpeg
IZ*ONE,Minju,2001-02-05,gen 4,South Korea,IZ*ONE Minju,https://static.wikia.nocookie.net/kpop/images/b/b4/Kim_Min_Ju_Management_SOOP_2022_profile_photo.png,P34Syds.png
I'LL-IT,Minju,2004-11-05,gen 4,South Korea,I'LL-IT Minju,PH,PH
(G)I-dle,Minnie,1997-10-23,gen 4,Thailand,(G)I-dle Minnie,https://static.wikia.nocookie.net/kpop/images/2/2e/%28G%29I-DLE_Minnie_2023_Season%27s_Greetings_Blooming_Day_teaser_01.png,uqvtN7Y.jpeg
woo!ah!,Minseo,2004-08-12,gen 4,South Korea,woo!ah! Minseo,https://static.wikia.nocookie.net/kpop/images/3/31/Wooah_Minseo_Pit_a_Pat_concept_photo_%281%29.png,0BLlFET.jpeg
DreamNote,Miso,2000-10-25,gen 4,South Korea,DreamNote Miso,https://static.wikia.nocookie.net/kpop/images/4/4b/DreamNote_Miso_Night_%28Winter_Ver.%29_concept_photo_%282%29.png,nluCDti.jpeg
GWSN,Miya,1993-05-26,gen 4,Japan,GWSN Miya,https://static.wikia.nocookie.net/kpop/images/2/23/GWSN_Miya_The_Other_Side_of_the_Moon_concept_photo_1.png,MDcY9lW.jpeg
(G)I-dle,Miyeon,1997-01-31,gen 4,South Korea,(G)I-dle Miyeon,https://static.wikia.nocookie.net/kpop/images/d/da/%28G%29I-DLE_Miyeon_2023_Season%27s_Greetings_Blooming_Day_teaser_01.png,XMybvbH.jpeg
I'LL-IT,Moka,2004-10-08,gen 4,South Korea,I'LL-IT Moka,PH,PH
Weeekly,Monday,2002-05-10,gen 4,South Korea,Weeekly Monday,https://static.wikia.nocookie.net/kpop/images/a/a0/Weeekly_Monday_2023_Season%27s_Greetings_concept_photo_1.png,tbEpRad.jpeg
Billlie,Moon Sua,1999-09-09,gen 4,South Korea,Billlie Moon Sua,https://static.wikia.nocookie.net/kpop/images/d/d2/Billlie_Moon_Sua_The_Billage_of_Perception_Chapter_Three_concept_photo_6.png,o6DbBam.jpeg
Fromis 9,Nagyung,2000-06-01,gen 4,South Korea,Fromis 9 Nagyung,https://static.wikia.nocookie.net/kpop/images/5/59/Fromis_9_Lee_Nagyung_2023_Seasons_Greetings_Lady_Luck_1.png,pcJXBJb.jpeg
PRIMROSE,Nahyun,2002-01-25,gen 4,South Korea,PRIMROSE Nahyun,PH,PH
IZ*ONE,Nako,2001-06-18,gen 4,Japan,IZ*ONE Nako,https://static.wikia.nocookie.net/kpop/images/a/a1/Yabuki_Nako_HKT48_2022.webp,3Ql89jt.png
woo!ah!,Nana,2001-03-09,gen 4,South Korea,woo!ah! Nana,https://static.wikia.nocookie.net/kpop/images/a/af/Wooah_Nana_Pit_a_Pat_concept_photo_%281%29.png,z5JYUNc.jpeg
KISS OF LIFE,Natty,2002-05-30,gen 4,South Korea,KISS OF LIFE Natty,PH,PH
Lightsum,Nayoung,2002-11-30,gen 4,South Korea,Lightsum Nayoung,https://static.wikia.nocookie.net/kpop/images/7/7f/LIGHTSUM_Nayoung_2023_Season%27s_Greetings_The_Perfect_Vacation_teaser_01.png,QWKyXl4.jpeg
ILY:1,Nayu,2002-07-23,gen 4,South Korea,ILY:1 Nayu,https://static.wikia.nocookie.net/kpop/images/7/73/ILY1_Nayu_A_Dream_Of_ILY1_concept_photo_01.png,TBVsFmi.png
Aespa,Ningning,2002-10-23,gen 4,China,Aespa Ningning,https://static.wikia.nocookie.net/kpop/images/2/26/Aespa_Ningning_aespa_Week_promotional_poster.png,zvTRLPD.jpeg
LOONA,Olivia Hye,2001-11-13,gen 4,South Korea,LOONA Olivia Hye,https://static.wikia.nocookie.net/kpop/images/9/97/LOONA_Olivia_Hye_0_concept_photo_2.png,xK2dn8s.jpeg
Everglow,Onda,2000-05-18,gen 4,South Korea,Everglow Onda,https://static.wikia.nocookie.net/kpop/images/b/bb/EVERGLOW_Onda_Return_of_the_Girl_concept_photo_2.png,ldQJqYq.jpeg
PRIMROSE,Rainie,2000-11-16,gen 4,Taiwan,PRIMROSE Rainie,https://static.wikia.nocookie.net/kpop/images/8/84/BugAboo_Rainie_Pop_concept_photo_%281%29.png,JV1pmC0.jpeg
IVE,Rei,2004-02-03,gen 4,South Korea,IVE Rei,https://static.wikia.nocookie.net/kpop/images/9/9b/IVE_Rei_Love_Dive_Japanese_ver_teaser_photo.png,tnmyE9S.jpeg
Cherry Bullet,Remi,2001-04-26,gen 4,Japan,Cherry Bullet Remi,https://static.wikia.nocookie.net/kpop/images/e/e5/Cherry_Bullet_Cherry_Dash_group_concept_photo_1.png,c6cwmtZ.jpeg
H1-KEY,Riina,2001-02-21,gen 4,South Korea,H1-KEY Riina,https://static.wikia.nocookie.net/kpop/images/7/73/H1-KEY_Riina_Rose_Blossom_concept_photo_2.png,oo8HjWu.jpeg
ILY:1,Ririka,2002-07-02,gen 4,Japan,ILY:1 Ririka,https://static.wikia.nocookie.net/kpop/images/c/cf/ILY1_Ririka_A_Dream_Of_ILY1_concept_photo_01.png,xaiQNp1.png
ILY:1,Rona,2002-06-05,gen 4,Taiwan,ILY:1 Rona,https://static.wikia.nocookie.net/kpop/images/b/ba/ILY1_Rona_A_Dream_Of_ILY1_concept_photo_01.png,nhfmbG5.png
PRIMROSE,Ruby,2002-08-21,gen 4,South KOrea,PRIMROSE Ruby,PH,PH
ITZY,Ryujin,2001-04-17,gen 4,South Korea,ITZY Ryujin,https://static.wikia.nocookie.net/kpop/images/f/f0/ITZY_Ryujin_Cheshire_concept_photo_1.png,cowp7cK.jpeg
Nature,Saebom,1997-01-30,gen 4,South Korea,Nature Saebom,https://static.wikia.nocookie.net/kpop/images/0/01/NATURE_Saebom_nature_world_code_W_concept_photo.png,Q2vhdMI.png
Fromis 9,Saerom,1997-01-07,gen 4,South Korea,Fromis 9 Saerom,https://static.wikia.nocookie.net/kpop/images/1/14/Fromis_9_Lee_Saerom_2023_Seasons_Greetings_Lady_Luck_1.png,QBUCKpy.jpeg
LE SSERAFIM,Sakura,1998-03-19,gen 4,Japan,LE SSERAFIM Sakura,https://static.wikia.nocookie.net/kpop/images/1/15/LE_SSERAFIM_Sakura_Fearless_Japanese_single_concept_photo_2.png,eaZ3LVk.jpeg
Lightsum,Sangah,2002-09-04,gen 4,South Korea,Lightsum Sangah,https://static.wikia.nocookie.net/kpop/images/b/b3/LIGHTSUM_Sangah_2023_Season%27s_Greetings_The_Perfect_Vacation_teaser_01.png,B4MXH2e.jpeg
Pixy,Satbyeol,2001-02-27,gen 4,South Korea,Pixy Satbyeol,https://static.wikia.nocookie.net/kpop/images/a/a7/PIXY_Satbyeol_Reborn_concept_photo.png,FM29cSI.jpeg
StayC,Seeun,2003-06-14,gen 4,South Korea,StayC Seeun,https://static.wikia.nocookie.net/kpop/images/0/08/STAYC_Seeun_Teddy_Bear_-Japanese_Ver.-_concept_photo.png,itxLiZW.jpeg
cignature,Seline,2000-06-20,gen 4,South Korea,cignature Seline,https://static.wikia.nocookie.net/kpop/images/b/b5/Cignature_Seline_My_Little_Aurora_concept_photo_1.png,P9L2iM6.jpeg
cignature,Semi,2002-04-10,gen 4,South Korea,cignature Semi,https://static.wikia.nocookie.net/kpop/images/7/7e/Cignature_Semi_My_Little_Aurora_concept_photo_1.png,u2J7BeX.jpeg
H1-KEY,Seoi,2000-02-12,gen 4,South Korea,H1-KEY Seoi,https://static.wikia.nocookie.net/kpop/images/f/f3/H1-KEY_Rose_Blossom_group_concept_photo_2.png,sV3B4VD.jpeg
GWSN,Seokyoung,1999-04-16,gen 4,South Korea,GWSN Seokyoung,https://static.wikia.nocookie.net/kpop/images/2/29/GWSN_Seokyoung_The_Other_Side_of_the_Moon_concept_photo_1.png,zzBu01U.jpeg
GWSN,Seoryoung,2000-01-26,gen 4,South Korea,GWSN Seoryoung,https://static.wikia.nocookie.net/kpop/images/8/8d/GWSN_Seoryoung_The_Other_Side_of_the_Moon_concept_photo_1.png,BarWRMK.jpeg
Fromis 9,Seoyeon,2000-01-22,gen 4,South Korea,Fromis 9 Seoyeon,https://static.wikia.nocookie.net/kpop/images/0/0c/Fromis_9_Lee_Seoyeon_2023_Seasons_Greetings_Lady_Luck_1.png,Xrfy3lS.jpeg
Billlie,Sheon,2003-01-28,gen 4,South Korea,Billlie Sheon,https://static.wikia.nocookie.net/kpop/images/c/c9/Billlie_Sheon_The_Billage_of_Perception_Chapter_Three_concept_photo_6.png,BVVD16R.jpeg
Weeekly,Shin Jiyoon,2002-03-02,gen 4,South Korea,Weeekly Shin Jiyoon,https://static.wikia.nocookie.net/kpop/images/4/49/Weeekly_Shin_Jiyoon_Play_Game_Awake_concept_photo_1.png,ysrCJoA.jpeg
(G)I-dle,Shuhua,2000-01-06,gen 4,Taiwan,(G)I-dle Shuhua,https://static.wikia.nocookie.net/kpop/images/3/3b/%28G%29I-DLE_Shuhua_2023_Season%27s_Greetings_Blooming_Day_teaser_01.png,Qdr4R8k.jpeg
StayC,Sieun,2001-08-01,gen 4,South Korea,StayC Sieun,https://static.wikia.nocookie.net/kpop/images/2/24/STAYC_Sieun_Teddy_Bear_-Japanese_Ver.-_concept_photo.png,4BQ1fOw.jpeg
Everglow,Sihyeon,1999-08-05,gen 4,South Korea,Everglow Sihyeon,https://static.wikia.nocookie.net/kpop/images/6/6c/EVERGLOW_Sihyeon_Return_of_the_Girl_concept_photo_1.png,mcUJPQo.jpeg
H1-KEY,Sitala,1996-04-23,gen 4,Thailand,H1-KEY Sitala,https://static.wikia.nocookie.net/kpop/images/a/a4/H1-KEY_Sitala_Athletic_Girl_concept_photo_1.png,9j3p0sQ.jpeg
GWSN,SoSo,2001-03-14,gen 4,Taiwan,GWSN SoSo,https://static.wikia.nocookie.net/kpop/images/c/cc/GWSN_Soso_The_Other_Side_of_the_Moon_concept_photo_1.png,MCxJuQI.jpeg
Weeekly,Soeun,2002-10-26,gen 4,South Korea,Weeekly Soeun,https://static.wikia.nocookie.net/kpop/images/d/d0/Weeekly_Park_Soeun_2023_Season%27s_Greetings_concept_photo_1.png,5VHXXX9.jpeg
Nature,Sohee,1995-01-20,gen 4,South Korea,Nature Sohee,https://static.wikia.nocookie.net/kpop/images/f/ff/NATURE_Sohee_NATURE_World_Code_W_concept_photo.png,S8kogXh.jpeg
Rocket Punch,Sohee,2003-08-14,gen 4,South Korea,Rocket Punch Sohee,https://static.wikia.nocookie.net/kpop/images/f/fc/Rocket_Punch_Sohee_Doki_Doki_Love_concept_photo_1.png,ZLWJdWL.jpeg
Tri.be,SongSun,1997-03-22,gen 4,South Korea,Tri.be SongSun,https://static.wikia.nocookie.net/kpop/images/b/ba/TRI.BE_W.A.Y_SongSun_concept_photo_1.png,gPXlpkp.png
woo!ah!,Songyee,2004-09-25,gen 4,South Korea,woo!ah! Songyee,https://static.wikia.nocookie.net/kpop/images/e/e4/Woo%21ah%21_Songyee_Exclamation_concept_photo.png,jbpJSjX.png
Secret Number,Soodam,1999-11-09,gen 4,South Korea,Secret Number Soodam,https://static.wikia.nocookie.net/kpop/images/1/1c/Secret_Number_Like_It_Like_It_Soodam_teaser_image.png,R9IEFX8.png
(G)I-dle,Soojin,1998-03-09,gen 4,South Korea,(G)I-dle Soojin,https://static.wikia.nocookie.net/kpop/images/8/85/%28G%29I-DLE_Soojin_I_Burn_concept_photo_1.png,OwYItiW.jpeg
woo!ah!,Sora,2003-08-30,gen 4,Japan,woo!ah! Sora,https://static.wikia.nocookie.net/kpop/images/f/fd/Wooah_Sora_Pit_a_Pat_concept_photo_%281%29.png,IcM5rvi.jpeg
Pixy,Sua,2003-02-24,gen 4,South Korea,Pixy Sua,https://static.wikia.nocookie.net/kpop/images/2/26/PIXY_Sua_Karma_is_a_B_promo_photo.png,YaCIUiX.png
LIMELIGHT,Suhye,2004-12-13,gen 4,South Korea,LIMELIGHT Suhye,https://static.wikia.nocookie.net/kpop/images/3/37/LIMELIGHT_Suhye_Love_%26_Happiness_concept_photo_3.png,Wzh3dxC.jpeg
Billlie,Suhyeon,2000-01-15,gen 4,South Korea,Billlie Suhyeon,https://static.wikia.nocookie.net/kpop/images/e/ea/Billlie_Suhyeon_The_Billage_of_Perception_Chapter_Three_concept_photo_6.png,KP9mD0a.jpeg
Soloist,Suzanne,????-??-??,gen 4,South Korea,Soloist Suzanne,PH,PH
Nmixx,Sullyoon,2004-01-26,gen 4,South Korea,Nmixx Sullyoon,https://static.wikia.nocookie.net/kpop/images/7/73/NMIXX_Sullyoon_Exp%C3%A9rgo_concept_photo_8.png,Xzpy7WP.jpeg
DreamNote,Sumin,2001-09-07,gen 4,South Korea,DreamNote Sumin,https://static.wikia.nocookie.net/kpop/images/f/ff/DreamNote_Sumin_Night_%28Winter_Ver.%29_concept_photo_%282%29.png,43evPlY.jpeg
StayC,Sumin,2001-03-13,gen 4,South Korea,StayC Sumin,https://static.wikia.nocookie.net/kpop/images/9/9b/STAYC_Sumin_Teddy_Bear_-Japanese_Ver.-_concept_photo.png,pKmyPO6.jpeg
Nature,Sunshine,2002-06-20,gen 4,South Korea,Nature Sunshine,https://static.wikia.nocookie.net/kpop/images/4/44/NATURE_Sunshine_NATURE_World_Code_M_concept_photo_%281%29.png,AVR69wD.jpeg
Rocket Punch,Suyun,2001-03-17,gen 4,South Korea,Rocket Punch Suyun,https://static.wikia.nocookie.net/kpop/images/9/95/Rocket_Punch_Suyun_Doki_Doki_Love_concept_photo_1.png,zjSoRLp.jpeg
Purple Kiss,Swan,2003-07-11,gen 4,South Korea,Purple Kiss Swan,https://static.wikia.nocookie.net/kpop/images/a/ad/Purple_Kiss_Cabin_Fever_Swan_concept_photo_%281%29.png,nu2C9mE.jpeg
Billlie,Tsuki,2002-09-21,gen 4,Japan,Billlie Tsuki,https://static.wikia.nocookie.net/kpop/images/4/46/Billlie_Tsuki_The_Billage_of_Perception_Chapter_Three_concept_photo_6.png,dmrJFz9.jpeg
Nature,Uchae,2002-05-07,gen 4,South Korea,Nature Uchae,https://static.wikia.nocookie.net/kpop/images/7/74/NATURE_Uchae_nature_world_code_W_concept_photo.png,uZywcNI.jpeg
LOONA,Vivi,1996-12-09,gen 4,South Korea,LOONA Vivi,https://static.wikia.nocookie.net/kpop/images/2/21/LOONA_ViVi_0_concept_photo_1.png,JRJ1z7J.jpeg
Aespa,Winter,2001-01-01,gen 4,South Korea,Aespa Winter,https://static.wikia.nocookie.net/kpop/images/a/ae/Aespa_Winter_aespa_Week_promotional_poster.png,uyH3Fk2.jpeg
I'LL-IT,Wonhee,2007-06-26,gen 4,South Korea,I'LL-IT Wonhee,PH,PH
IVE,Wonyoung,2004-08-31,gen 4,South Korea,IVE Wonyoung,https://static.wikia.nocookie.net/kpop/images/9/9c/IVE_Wonyoung_Love_Dive_Japanese_ver_teaser_photo.png,ffiYmls.jpeg
woo!ah!,Wooyeon,2003-02-11,gen 4,South Korea,woo!ah! Wooyeon,https://static.wikia.nocookie.net/kpop/images/e/ee/Wooah_Wooyeon_Pit_a_Pat_concept_photo_%281%29.png,klfi3gm.jpeg
Kep1er,XiaoTing,1999-11-12,gen 4,China,Kep1er XiaoTing,https://static.wikia.nocookie.net/kpop/images/4/48/Kep1er_Xiaoting_Fly-By_concept_photo_%281%29.png,6mKGQai.jpeg
soloist,YENA,1999-09-29,gen 4,South Korea,soloist YENA,https://static.wikia.nocookie.net/kpop/images/5/5f/Yena_Love_War_concept_photo_3.png,Iu3kw6J.jpeg
ITZY,Yeji,2000-03-26,gen 4,South Korea,ITZY Yeji,https://static.wikia.nocookie.net/kpop/images/5/59/ITZY_Yeji_Cheshire_concept_photo_1.png,v34n03f.jpeg
Soloist,Yeji Kim,1996-09-23,gen 4,South Korea,Soloist Yeji Kim,PH,PH
H1-KEY,Yel,2004-12-25,gen 4,South Korea,H1-KEY Yel,https://static.wikia.nocookie.net/kpop/images/a/ad/H1-KEY_Yel_Rose_Blossom_concept_photo_1.png,i5hCOlG.jpeg
LOONA,Yeojin,2002-11-11,gen 4,South Korea,LOONA Yeojin,https://static.wikia.nocookie.net/kpop/images/5/5a/LOONA_YeoJin_0_concept_photo_1.png,PxM3e82.jpeg
Rocket Punch,Yeonhee,2000-12-06,gen 4,South Korea,Rocket Punch Yeonhee,https://static.wikia.nocookie.net/kpop/images/0/0d/Rocket_Punch_Doki_Doki_Love_Yeonhee_concept_photo.png,pvfUDf0.jpeg
Everglow,Yiren,2000-12-29,gen 4,China,Everglow Yiren,https://static.wikia.nocookie.net/kpop/images/7/79/Wang_Yiren_Call_Call_teaser_photo_9.png,3OJnqr6.jpeg
StayC,Yoon,2004-04-14,gen 4,South Korea,StayC Yoon,https://static.wikia.nocookie.net/kpop/images/b/bb/STAYC_Yoon_Teddy_Bear_-Japanese_Ver.-_concept_photo.png,d0JkzEi.jpeg
mimiirose,Yoon Jia,2004-01-16,gen 4,South Korea,mimiirose Yoon Jia,https://static.wikia.nocookie.net/kpop/images/6/64/Mimiirose_Yoon_Jia_Awesome_concept_photo_%281%29.png,deltl13.jpeg
tripleS,Yoon Seoyeon,2003-08-06,gen 4,South Korea,tripleS Yoon Seoyeon,https://static.wikia.nocookie.net/kpop/images/7/7f/TripleS_Yoon_SeoYeon_Assemble_concept_photo.png,W9s8QlT.jpeg
bugAboo,Yoona,2000-10-13,gen 4,Japan,bugAboo Yoona,https://static.wikia.nocookie.net/kpop/images/5/5d/BugAboo_Yoona_Pop_concept_photo_%281%29.png,SxPWVXv.jpeg
UNI.T,Yoonjo,1992-12-14,gen 4,South Korea,UNI.T Yoonjo,https://static.wikia.nocookie.net/kpop/images/6/60/UNI.T_Yoonjo_Begin_With_the_End_promo_photo.png,OdCgmz0.jpeg
Soloist,Youha,1999-09-29,gen 4,South Korea,Soloist Youha,PH,PH
DreamNote,Youi,2000-04-24,gen 4,South Korea,DreamNote Youi,https://static.wikia.nocookie.net/kpop/images/5/56/DreamNote_Youi_Night_%28Winter_Ver.%29_concept_photo_%282%29.png,htfKw3r.jpeg
Kep1er,Youngeun,2004-12-27,gen 4,South Korea,Kep1er Youngeun,https://static.wikia.nocookie.net/kpop/images/3/34/Kep1er_Youngeun_Fly-By_concept_photo_%281%29.png,mJi6Ydw.jpeg
Lightsum,Yujeong,2004-06-14,gen 4,South Korea,Lightsum Yujeong,https://static.wikia.nocookie.net/kpop/images/2/23/LIGHTSUM_Yujeong_2023_Season%27s_Greetings_The_Perfect_Vacation_teaser_01.png,DSuJ9Fe.jpeg
IVE,Yujin,2003-09-01,gen 4,South Korea,IVE Yujin,https://static.wikia.nocookie.net/kpop/images/6/60/IVE_Yujin_Love_Dive_Japanese_ver_teaser_photo.png,vAir9sK.jpeg
Cherry Bullet,Yuju,1997-03-05,gen 4,South Korea,Cherry Bullet Yuju,https://static.wikia.nocookie.net/kpop/images/5/58/Cherry_Bullet_Yu_Ju_Cherry_Dash_concept_photo_1.png,7nuHrwk.jpeg
Purple Kiss,Yuki,2002-11-06,gen 4,Japan,Purple Kiss Yuki,https://static.wikia.nocookie.net/kpop/images/5/52/Purple_Kiss_Cabin_Fever_Yuki_concept_photo_%281%29.png,TQUCZcw.jpeg
soloist,Yukika,1993-02-16,gen 4,Japan,soloist Yukika,https://static.wikia.nocookie.net/kpop/images/b/b4/Yukika_Scent_concept_photo.png,BuRyLZf.jpeg
ITZY,Yuna,2003-12-09,gen 4,South Korea,ITZY Yuna,https://static.wikia.nocookie.net/kpop/images/5/5f/ITZY_Yuna_Chesire_concept_photo_%281%29.png,Ci4oipF.jpeg
I'LL-IT,Yunah,2004-01-15,gen 4,South Korea,I'LL-IT Yunah,PH,PH
LE SSERAFIM,Yunjin,2001-10-08,gen 4,South Korea,LE SSERAFIM Yunjin,https://static.wikia.nocookie.net/kpop/images/4/45/LE_SSERAFIM_Huh_Yunjin_Fearless_Japanese_single_concept_photo_2.png,HWB9vGc.jpeg
Rocket Punch,Yunkyoung,2001-11-01,gen 4,South Korea,Rocket Punch Yunkyoung,https://static.wikia.nocookie.net/kpop/images/7/7e/Rocket_Punch_Yunkyoung_Doki_Doki_Love_concept_photo_1.png,PwcvE8N.jpeg
(G)I-dle,Yuqi,1999-09-23,gen 4,China,(G)I-dle Yuqi,https://static.wikia.nocookie.net/kpop/images/d/d9/%28G%29I-DLE_Yuqi_2023_Season%27s_Greetings_Blooming_Day_teaser_01.png,0Sv9uJB.jpeg
LOONA,Yves,1997-05-24,gen 4,South Korea,LOONA Yves,https://static.wikia.nocookie.net/kpop/images/9/9b/LOONA_Yves_0_concept_photo_1.png,UsZ7cPu.jpeg
bugAboo,Zin,2001-08-31,gen 4,South Korea,bugAboo Zin,https://static.wikia.nocookie.net/kpop/images/e/e4/BugAboo_Zin_Pop_concept_photo_%282%29.png,RDa2WZg.jpeg
Secret Number,Zuu,2000-03-24,gen 4,South Korea,Secret Number Zuu,https://static.wikia.nocookie.net/kpop/images/8/89/Secret_Number_Like_It_Like_It_Zuu_teaser_image.png,9a0eCn2.png
